SMILES,density
*C*,0.9362
*CC(*)C,0.9031
*CC(*)CC,0.9
*CC(*)CCC,0.9
*CC(*)C(C)C,0.906
*CC(*)CCCC,0.854
*CC(*)CC(C)C,0.832
*CC(*)CCCCC,0.8354
*CC(*)CCC(C)C,0.855
*CC(*)CCC(C)CC,0.9
*CC(*)CCCCCCC,0.8418
*CC(*)CCCCCCCC,0.857
*CC(*)(C)C,0.912
*CCC(*)(C)C,0.8718
*CC(*)C1CC1,0.9805
*CC(*)C1CCCC1,0.97
*CC(*)CC1CCCC1,0.924
*CC(*)C1CCCCC1,0.944
*CC(*)CC1CCCCC1,0.926
*CC(*)Cc1ccccc1,1.051
*CC(*)CCc1ccccc1,1.045
*CC1CCC(*)C1,1.111
*CC(*)CCCCCC,0.85
*CC(*)CCCCCCCCCCCCCCCC,0.8969
*CC(*)C(C)CC,0.922
*CC(*)C(CC)CC,0.89
*CC(*)CC(CC)CC,0.86
*CC(*)CC(C)CC,0.9
*CC(*)CC(C)(C)C,0.85
*/C=C/CCC*,0.89
*/C=C/CC*,0.89
*C(*)C,0.9195
*/C=C/*,1.16
*CCC(C)C(*)C,0.9
*CCC1CCCC1*,1.01
*/C=C/CCCCCCCCCC*,0.995
*/C=C/CCCCCC*,1
*CC(*)CCCCCCCCCCC,0.8532
*CC(*)CCCCCCCCC,0.8489
*CC(*)C1CCCC(C)C1,0.9237
*CC(*)C1CCC(C)CC1,0.9249
*CC(*)C1CC=CCC1,1.128
*C1CCC1*,1.0475
*/C=C/CCCCC*,1.0295
*/C=C/C1CCC(*)C1,1.3
*CC/C=C(/*)CCC,0.935
*CC(*)c1ccccc1,1.048
*CC(*)c1ccccc1C,1.032
*CC(*)c1ccccc1F,1.29
*CC(*)c1cccc(C)c1,1.0285
*CC(*)c1ccc(C)cc1,1.016
*CC(*)c1ccc(C(C)(C)C)cc1,0.9479
*CC(*)c1ccc(Cl)cc1,1.2175
*CC(*)c1ccc(Br)cc1,1.408
*CC(*)c1ccc(F)cc1,1.2
*CC(*)c1ccc(OC)cc1,1.0635
*CC(*)c1c(C)cc(C)cc1C,1.168
*CC(*)c1cc(C)c(C)cc1C,0.996
*CC(*)(C)c1ccccc1,1.065
*CC(*)c1cccc2ccccc12,1.12
*CC(*)c1ccc(B(O[Si](C)(C)C)O[Si](C)(C)C)cc1,0.9748
*CC(*)c1ccc2ccccc2c1,1.108
*CC(*)c1ccncc1,1.1884
*CC(*)c1ccc(C)nc1,1.103
*CC(*)n1cc2ccccc2n1,1.23
*CC(*)c1ccc(O)cc1,1.18
*C([2H])([2H])C(*)([2H])c1c([2H])c([2H])c([2H])c([2H])c1[2H],1.116
*CC(*)O,1.3
*CC(*)OC(=O)CCCCCCCCCCC,0.897
*CC(*)OC(=O)CCCCCCCCCCCCCCC,0.891
*CC(*)C(C)=O,1.195
*CC(*)(C)C(C)=O,1.15
*CC(*)C#N,1.18
*CC(*)(C)C#N,1.13895
*CC(*)c1ccccn1,1.151
*CC(*)n1c2ccccc2c2ccccc21,1.18915
*CC(*)C[Si](C)(C)C,0.876
*CC(*)OC,1.05
*CC(*)OCC,0.968
*CC(*)OCCCC,0.9285
*CC(*)OCCCCC,0.918
*CC(*)OCCCCCC,0.9135
*CC(*)OCCCCCCCCCC,0.8815
*CC(*)OC(C)=O,1.185
*CC(*)OC(=O)CC,1.048
*CC(*)OC(=O)c1ccccc1,1.214
*CC(*)OCC(C)C,0.93
*CC(*)CCCN(C(C)C)C(C)C,0.889
*CC(*)CCCN(CC(C)C)CC(C)C,0.867
*CC(*)O[N+](=O)[O-],1.586
*C#C/C(COS(=O)(=O)c1ccc(C)cc1)=C(/*)COS(=O)(=O)c1ccc(C)cc1,1.4965
*CC(*)CC[Si](C)(C)C,0.898
*CC(*)OC=O,1.42
*CC(*)OC(C)(C)C,0.971
*CC(*)OC(C)C,0.93
*CC(*)(C)OC,1.0355
*CC(*)OCC(C)(C)C,0.91
*CC(*)OC(C)CC,0.9395
*CC(*)OC(=O)C(F)(F)F,1.55
*CC(*)OCCCCCCCCCCCC,0.892
*C1CC(*)(C#N)C1,1.1
*CC(*)Cc1cccc(C)c1,1.039
*CC(*)Cc1ccccc1C,1.031
*CC(*)Cc1ccc(C)cc1,1.035
*CC(*)OC(=O)c1ccc(C(C)(C)C)cc1,1.112
*CC/C=C(/*)c1ccccc1,1.063
*CC(*)OCC(CC)CCCC,0.9005
*CC(*)SCCCC,0.984
*CC(*)SC,1.184
*CC(*)OCCCCCCCC,0.9035
*CC(*)OCCC,0.94
*CC(*)OC(=O)CCCC(=O)c1ccccc1,0.851
*CC(*)OC(=O)C1CCCCC1,1.119
*CC(*)OC(=O)c1ccc(CC)cc1,1.145
*CC(*)OC(=O)c1ccncc1,1.288
*CC(*)OC(=O)c1ccc(C(C)C)cc1,1.198
*CC(*)OC(=O)c1ccc(C)cc1,1.163
*CC(*)OC(=O)c1cccnc1,1.296
*CC(*)OC(=O)CCCCCCC,0.939
*CC(*)OC(=O)CCl,1.46
*CC(*)[SiH2]CC,0.98
*CC(*)OC(=O)CCCCCCCCC,0.916
*CC(*)OC(=O)CCCCC,0.975
*C1Cc2ccccc2C1*,0.63
*CCC/C=C(/*)c1ccc(OC)cc1,1.083
*CCC/C=C(/*)c1ccccc1,1.04
*CCC/C=C(/*)c1ccc(Cl)cc1,1.173
*/C(C)=C(/*)[Si](C)(C)C,0.77
*CC(*)n1ccnc1,1.07
*CC(*)N1CCCC1=O,1.2
*CC(*)C(=O)O,1.42
*CC(*)C(=O)OC,1.214
*CC(*)C(=O)OCC,1.133
*CC(*)C(=O)OC(C)C,1.13
*CC(*)C(=O)OCCCC,1.074
*CC(*)C(=O)OCC(C)C,1.05
*CC(*)C(=O)OC(C)CC,1.413
*CC(*)C(=O)OC(C)(C)C,1.18
*CC(*)C(=O)OCCCCCCCCCCCCCCCCCC,0.9754
*CC(*)C(=O)OCCCCCCCCCCCCCCCCCCCCCC,0.9752
*CC(*)(C)C(=O)OC,1.19
*CC(*)(C)C(=O)OCC,1.11
*CC(*)(C)C(=O)OCCC,1.088
*CC(*)(C)C(=O)OC(C)C,1.0315
*CC(*)(C)C(=O)OCCCC,1.0562
*CC(*)(C)C(=O)OC(C)CC,1.052
*CC(*)(C)C(=O)OCC(C)C,1.04885
*CC(*)(C)C(=O)OC(C)(C)C,1.0215
*CC(*)(C)C(=O)OCCCCCC,1.028
*CC(*)(C)C(=O)OCCCCCCCC,0.998
*CC(*)(C)C(=O)OCCCCCCCCCCCC,0.984
*CC(*)(C)C(=O)OCCCCCCCCCCCCCCCCCC,0.9686
*CC(*)(C)C(=O)OC1CCCCC1,1.1075
*CC(*)(C)C(=O)Oc1ccccc1,1.24
*CC(*)(C)C(=O)OCc1ccccc1,1.1875
*CC(*)(C)C(=O)OCCCl,1.32
*CC(*)(C)C(=O)OCC(F)(F)F,1.4531
*CC(*)(C)C(=O)OCC(F)(F)C(F)F,1.496
*CC(*)(C)C(=O)OC(C)C(F)(F)F,1.34
*CC(*)(C)C(=O)OCc1ccccc1Cl,1.23
*CC(*)(C)C(=O)OCCO,1.285
*CC(*)(C)C(=O)OCCOCC,1.169
*CC(*)(Cl)C(=O)OC,1.49
*CC(*)(Cl)C(=O)OCC,1.39
*CC(*)(Cl)C(=O)OC(C)CC,1.24
*CC(*)(Cl)C(=O)OC1CCCCC1,1.25
*CC(*)C(N)=O,1.21
*CC(*)C(=O)NC(C)C,1.159
*CC(*)C(=O)N(CCCC)CCCC,1.02
*CC(*)C(=O)OC1CCCCC1,1.104
*CC(*)(C)C(=O)OCCCCCCCCCC,0.9696
*CC(*)(Cl)C(=O)OCCC,1.3
*CC(*)(Cl)C(=O)OCCCC,1.24
*CC(*)C(=O)OC12CC3CC(C)(CC(C)(C3)C1)C2,1.043
*CC(*)C(=O)N1CCCCC1,0.99
*CC(*)C(=O)N1CCOCC1,1.238
*CC(*)C(=O)Oc1ccc(-c2ccccc2)cc1,1.236
*CC(*)(C)C(=O)OCCCCC,1.042
*CC(*)(C)C(=O)OCCC(C)(C)C,1
*CC(*)(C)C(=O)OC(C)C(C)(C)C,0.99
*CC(*)(C)C(=O)OCCOC,1.19
*CC(*)(C)C(=O)OCCOCCO,1.26
*CC(*)(C)C(=O)OCC(C)O,1.215
*CC(*)(C)C(=O)OCCC#N,1.24
*CC(*)(C)C(=O)OCC[N+](=O)[O-],1.354
*CC(*)(C)C(=O)OCCO[N+](=O)[O-],1.418
*CC(*)(C)C(=O)OCC(F)(F)C(F)(F)C(F)(F)C(F)F,1.6382
*CC(*)(C)C(=O)OC12CC3CC(C)(CC(C)(C3)C1)C2,1.052
*CC(*)(CC(=O)OCC)C(=O)OCC,1.23
*CC(*)(CC(=O)OCCCC)C(=O)OCCCC,1.1
*CC(*)(Cl)C(=O)OC(C)C,1.27
*CC(*)(CC(=O)OC1CCCCC1)C(=O)OC1CCCCC1,1.157
*CC(*)(CC(=O)OCC1CCCCC1)C(=O)OCC1CCCCC1,1.126
*CC(*)(CC(=O)OCCC1CCCCC1)C(=O)OCCC1CCCCC1,1.1
*CC(*)(CC(=O)OCCCC1CCCCC1)C(=O)OCCCC1CCCCC1,1.075
*CC(*)(CC(=O)Oc1ccccc1)C(=O)Oc1ccccc1,1.24
*CC(*)(CC(=O)OCc1ccccc1)C(=O)OCc1ccccc1,1.21
*CC(*)(CC(=O)OCCc1ccccc1)C(=O)OCCc1ccccc1,1.186
*CC(*)(CC(=O)OCCCc1ccccc1)C(=O)OCCCc1ccccc1,1.155
*CC(*)C(=O)OCCC(C)OC,1.1587
*CC(*)(CC(=O)OC)C(=O)OC,1.26
*C(*)C(=O)OCC,1.221
*C(*)C(=O)OC,1.295
*C(*)C(=O)OCCC,1.161
*CC(*)(CC(=O)OCCC)C(=O)OCCC,1.18
*CC(*)(CC(=O)Oc1ccccc1C)C(=O)Oc1ccccc1C,1.135
*CC(*)(CC(=O)Oc1cccc(C)c1)C(=O)Oc1cccc(C)c1,1.11
*CC(*)(CC(=O)Oc1ccc(C)cc1)C(=O)Oc1ccc(C)cc1,1.07
*CC(*)C(=O)OCCO,1.2785
*CC(*)(C)C(=O)OCCOCCOCCO,1.24
*CC(*)C(=O)O[Na],1.48
*CC(*)(C)C(=O)OCC#C,1.17
*CC(*)C(=O)OC1CCCCCCCCCCC1,1.05
*CC(*)F,1.38
*CC(*)Cl,1.394
*CC(*)(F)F,1.7704
*CC(*)(Cl)Cl,1.8715
*C(F)C(*)(F)F,2.04
*C(*)(F)F,2.171
*C(F)(F)C(*)(F)Cl,2.12
*CC/C=C(/*)Cl,1.2585
*C(F)(F)C(*)(F)C(F)(F)F,2.005
*CC(*)Br,2.17
*C(=C(F)F)C(*)(F)F,1.99
*CCC(F)(F)C(*)(F)Cl,1.67
*CCC(F)(F)C(*)(F)F,1.7585
*CC(*)(Br)Br,3.0275
*CC(F)(F)CC(*)(C(F)(F)F)C(F)(F)F,1.88
*CCCCCCCCC(Cl)C(*)Cl,1.14
*CCCCCCCCCCC(Cl)C(*)Cl,1.1
*CCCC(Cl)C(*)Cl,1.4
*CCC(Cl)C(*)Cl,1.46
*CC/C=C(/*)C,1.12
*/C=C/C(C)C*,1.015
*/C=C/C(C*)CC,0.985
*CC(*)=C,1.07
*CC(*)C=C,0.901
*CC(*)C=C(C)C,0.88
*CC/C=C(/*)C(C)(C)C,0.893
*CC/C(C)=C(/*)C,0.905
*/C=C/C(C(=O)OC(C)C)C(*)C(=O)OC(C)C,1.06
*CC(C)/C=C(/*)C,0.88
*CO*,1.425
*OC(*)C,1.1055
*OC(*)C(Cl)(Cl)Cl,2.012
*OC(*)CC,1.05
*OC(*)CCC,1
*OC(*)CCC#N,1.22
*CCO*,1.203
*CC(C)O*,1.0031
*CC(CCl)O*,1.367
*CC(O*)C(F)(F)F,1.64
*CC(CC)O*,0.968
*CC(COC)O*,1.095
*CC(C)(C)O*,1.0865
*CC(CCCC)O*,0.9475
*CC(O*)C(C)(C)C,0.995
*CC(COCC)O*,1.025
*CC(COCC=C)O*,1.048
*CC(COCCCC)O*,0.982
*CC(CCCCCC)O*,0.959
*CC(COCCCCCC)O*,0.966
*CC(O*)c1ccccc1,1.151
*CC(COc1ccccc1)O*,1.272
*CC(COc1ccccc1Cl)O*,1.384
*OC(C)C(*)C,1.055
*CCCO*,1.14
*CC(C)(C)CO*,0.985
*CC(CO)(CO)CO*,1.28
*CC(CO*)(COCC)COCC,1.165
*CC(CCl)(CCl)CO*,1.41
*CCCCO*,1.02
*CCCCCCO*,1.06
*CCCCCCCCO*,1.03
*CCCCCCCCCO*,1.025
*CCCCCCCCCCO*,1.03
*CCCCCCCCCCCCO*,1.025
*Oc1ccc(*)cc1,1.4165
*Oc1c(C)cc(*)cc1C,1.061
*Oc1c(-c2ccccc2)cc(*)cc1-c1ccccc1,1.1915
*OC1C(C)(C)C(*)C1(C)C,1.06
*CCOCO*,1.41
*CCCCOCO*,1.185
*CCCCCOCO*,1.14
*CCCCCCOCO*,1.08
*CCOCCOC(=O)CCCCCCCCC(=O)O*,1.128
*C(=O)OCCOC(=O)c1ccc(*)o1,1.433
*CCOCCOC(=O)c1cccc(C(=O)O*)c1,1.3165
*CCOC(=O)c1ccc(O*)cc1,1.39
*CCOc1ccc(C(=O)OCCOC(=O)c2ccc(O*)cc2)cc1,1.3631
*CCCCOc1ccc(C(=O)OCCOC(=O)c2ccc(O*)cc2)cc1,1.2973
*CCCCC(=O)NCc1ccc(CNC(=O)CCCCO*)cc1,1.178
*Oc1ccc(NC(=O)c2cccc(C(=O)Nc3ccc(*)cc3)c2)cc1,1.26
*Oc1ccc(NC(=O)c2ccc(C(=O)Nc3ccc(*)cc3)cc2)cc1,1.37
*CCCCOc1ccc(C(=O)OC(=O)c2ccc(O*)cc2)cc1,1.2835
*CCCCCCOc1ccc(C(=O)OC(=O)c2ccc(O*)cc2)cc1,1.233
*Oc1ccc(S(=O)(=O)c2ccc(*)cc2)cc1,1.3658
*Oc1ccc(S(=O)(=O)c2ccc(Oc3ccc(C(C)(C)c4ccc(*)cc4)cc3)cc2)cc1,1.24
*OC(*)CCCCCC,0.995
*CCOCCOC(=O)CCCCC(=O)O*,1.1918
*CCOC(=O)c1ccc(C(C)(CC)c2ccc(C(=O)O*)cc2)cc1,1.2
*c1ccc(C(=O)Nc2ccc(Oc3ccc(NC(=O)c4ccc(C5(*)OC(=O)c6ccccc65)cc4)cc3)cc2)cc1,1.287
*Oc1ccc(S(=O)(=O)c2ccc(Oc3ccc(Cc4ccc(*)cc4)cc3)cc2)cc1,1.282
*CC(O)COc1ccc(C(C)(C)c2ccc(O*)cc2)cc1,1.2
*CC(O)COc1ccc(S(=O)(=O)c2ccc(O*)cc2)cc1,1.38
*OC(F)(F)C(F)(F)C(F)(F)C(*)(F)F,1.775
*CC(CCCCCCCCCC)O*,0.862
*CC1CC(*)OC(CCC)O1,1.1
*OC1CCCCC1*,1.067
*CCCCCCCCc1nnc(*)o1,1.21
*CCCCCCCCCc1nnc(*)o1,1.28
*CCCCCCCCCCc1nnc(*)o1,1.22
*c1ccc(Oc2ccc(-c3nnc(*)o3)cc2)cc1,1.3075
*c1ccc(C2(c3ccc(-c4nnc(*)o4)cc3)OC(=O)c3ccccc32)cc1,1.3195
*Oc1ccc(Oc2ccc(C(=O)c3ccc(*)cc3)cc2)cc1,1.2967
*Oc1cccc(S(=O)(=O)c2ccc(*)cc2)c1,1.3858
*Oc1ccc(S(=O)(=O)c2ccc(Oc3ccc(C(c4ccc(*)cc4)(C(F)(F)F)C(F)(F)F)cc3)cc2)cc1,1.43
*Oc1ccc(S(=O)(=O)c2ccc(Oc3c(C)cc(C(C)(C)c4cc(C)c(*)c(C)c4)cc3C)cc2)cc1,1.1655
*Oc1ccc(S(=O)(=O)c2ccc(Oc3ccc(C(C)(c4ccccc4)c4ccc(*)cc4)cc3)cc2)cc1,1.239
*Oc1ccc(S(=O)(=O)c2ccc(-c3ccc(S(=O)(=O)c4ccc(Oc5ccc(C(C)(C)c6ccc(*)cc6)cc5)cc4)cc3)cc2)cc1,1.26
*Oc1ccc(S(=O)(=O)c2ccc(Oc3ccc(-c4ccc(*)cc4)cc3)cc2)cc1,1.238
*Oc1ccc(Oc2ccc(S(=O)(=O)c3ccc(*)cc3)cc2)cc1,1.329
*Oc1ccc(Oc2ccc(Oc3ccc(S(=O)(=O)c4ccc(*)cc4)cc3)cc2)cc1,1.33
*Oc1ccc(S(=O)(=O)c2ccc(Oc3ccc(C(=O)c4ccc(*)cc4)cc3)cc2)cc1,1.317
*CC(CC)(CC)CO*,1.04
*CC(O*)C(C)C,1.025
*CCOCCOCCOC(=O)c1ccc(-c2ccc(C(=O)O*)cc2)cc1,1.3
*c1ccc(-c2nc3cc4nc(*)oc4cc3o2)cc1,1.66
*CCOCCOC(=O)c1ccc(-c2ccc(C(=O)O*)cc2)cc1,1.32
*CCOCCOC(=O)c1ccc(C(=O)O*)cc1,1.5
*c1ccc(Oc2ccc(-c3cc(-c4ccccc4)c4cc(Oc5ccc6nc(*)cc(-c7ccccc7)c6c5)ccc4n3)cc2)cc1,1.174
*ON(C(F)(F)F)C(F)(F)C(*)(F)F,1.938
*CC(C)(CC)CO*,0.966
*CC(C)(CO)CO*,1.144
*c1ccc2oc(*)nc2c1,1.638
*Oc1ccc(C(=O)c2ccc(C(=O)c3ccc(*)cc3)cc2)cc1,1.395
*Oc1ccc(-c2ccc(Oc3ccc(C(=O)c4cccc(C(=O)c5ccc(*)cc5)c4)cc3)cc2)cc1,1.374
*Oc1ccc(S(=O)(=O)c2ccc(Oc3ccc(C(=O)c4cccc(C(=O)c5ccc(*)cc5)c4)cc3)cc2)cc1,1.32
*/C=C/c1sc(*)c(OCCCC)c1OCCCC,1.36
*Oc1ccc(C(c2ccc(Oc3ccc(C(=O)c4ccccc4-c4ccccc4C(=O)c4ccc(*)cc4)cc3)cc2)(C(F)(F)F)C(F)(F)F)cc1,1.307
*Oc1ccc(Oc2ccc(C(=O)c3ccc(*)cc3)cc2)cc1C(C)(C)C,1.1365
*Oc1ccc(Oc2ccc(C(=O)c3ccc(*)cc3)cc2)cc1C,1.267
*c1c(C)cc(Cc2cc(C)c(N3C(=O)c4ccc(Oc5cccc6c(Oc7ccc8c(c7)C(=O)N(*)C8=O)cccc56)cc4C3=O)c(C)c2)cc1C,1.225
*c1cccc(Oc2ccc(-c3ccc(Oc4cccc(-n5c(=O)c6cc7c(=O)n(*)c(=O)c7cc6c5=O)c4)cc3)cc2)c1,1.47
*Oc1ccc(S(=O)(=O)c2ccc(Oc3ccc(C4(c5ccc(*)cc5)c5ccccc5-c5ccccc54)cc3)cc2)cc1,1.245
*Oc1ccc(NC(=O)c2cccc(C(=O)Nc3ccc(Oc4ccc(C(c5ccc(*)cc5)(C(F)(F)F)C(F)(F)F)cc4)cc3)c2)cc1,1.63
*Oc1ccc(NC(=O)c2cc(C(=O)Nc3ccc(Oc4ccc(C(c5ccc(*)cc5)(C(F)(F)F)C(F)(F)F)cc4)cc3)cc(C(C)(C)C)c2)cc1,1.55
*CC(C[N-][N+]#N)O*,1.29
*CS*,1.5765
*CCS*,1.41
*CCSSSS*,1.46405
*CC(C)S*,1.2
*CC(S*)C(C)(C)C,1.09
*CC(CC)S*,1.093
*CC(COCC=C)S*,1.123
*CCCS*,1.16
*CC(C)(C)CS*,1.098
*CCCCS*,1.2
*CCCCCS*,1.1725
*CCCCCCS*,1.0795
*Sc1ccc(*)cc1,1.35
*CCCCC(=O)NCc1ccc(CNC(=O)CCCCS*)cc1,1.2005
*CCCCCC(=O)NCc1ccc(CNC(=O)CCCCCS*)cc1,1.175
*CCCCCCC(=O)NCc1ccc(CNC(=O)CCCCCCS*)cc1,1.157
*CCCCCCCCC(=O)NCc1ccc(CNC(=O)CCCCCCCCS*)cc1,1.127
*CCCCCCCCCCC(=O)NCc1ccc(CNC(=O)CCCCCCCCCCS*)cc1,1.094
*CCCCC(=O)NCCc1ccc(CCNC(=O)CCCCS*)cc1,1.174
*CCCCCC(=O)NCCc1ccc(CCNC(=O)CCCCCS*)cc1,1.148
*CCCCCCC(=O)NCCc1ccc(CCNC(=O)CCCCCCS*)cc1,1.132
*CCCCCCCCC(=O)NCCc1ccc(CCNC(=O)CCCCCCCCS*)cc1,1.106
*CCCCCCCCCCC(=O)NCCc1ccc(CCNC(=O)CCCCCCCCCCS*)cc1,1.067
*Oc1ccc(Sc2ccc(OC(*)=O)cc2)cc1,1.4275
*c1ccc2nc(*)sc2c1,1.628
*c1ccc(-c2nc3cc4sc(*)nc4cc3s2)cc1,1.71
*CCOC(=O)C(=O)O*,1.59
*CCOC(=O)CCC(=O)O*,1.384
*CCCCOC(=O)CCC(=O)O*,1.2969
*CCCOC(=O)CCCC(=O)O*,1.301
*CCOC(=O)CCCCC(=O)O*,1.25
*CCCOC(=O)CCCCC(=O)O*,1.271
*CCCCCCCCCCOC(=O)CCCCC(=O)O*,1.087
*CCOC(=O)CCCCCCC(=O)O*,1.237
*CCOC(=O)CCCCCCCC(=O)O*,1.172
*CCCCCCCCCOC(=O)CCCCCCCC(=O)O*,0.9524
*CCCCCCCCCCOC(=O)CCCCCCCC(=O)O*,0.9381
*CCOC(=O)CCCCCCCCC(=O)O*,1.169
*CCCOC(=O)CCCCCCCCC(=O)O*,1.31
*CCCCCCOC(=O)CCCCCCCCC(=O)O*,1.1115
*CCCCCCCCCCOC(=O)CCCCCCCCC(=O)O*,1.056
*CCOC(=O)c1ccc(C(=O)O*)cc1,1.38
*CCOC(=O)c1cccc(C(=O)O*)c1,1.3596
*CCCCOC(=O)c1ccc(C(=O)O*)cc1,1.2938
*CCCCOC(=O)c1cccc(C(=O)O*)c1,1.309
*CCCCCOC(=O)c1ccc(C(=O)O*)cc1,1.2995
*CCCCCCOC(=O)c1ccc(C(=O)O*)cc1,1.262
*CCCCCCCCCCOC(=O)c1ccc(C(=O)O*)cc1,1.046
*CC1CCC(COC(=O)c2ccc(C(=O)O*)cc2)CC1,1.23
*Oc1ccc(C(C)(C)c2ccc(OC(=O)c3ccc(C(*)=O)cc3)cc2)cc1,1.24
*Oc1ccc(C(C)(C)c2ccc(OC(=O)c3cccc(C(*)=O)c3)cc2)cc1,1.236
*CCOC(=O)c1ccc2ccc(C(=O)O*)cc2c1,1.35
*CCOC(=O)c1ccc2cc(C(=O)O*)ccc2c1,1.35
*CCCCOC(=O)CCCCC(=O)O*,1.13
*OC1CCC(OC(=O)CCCCC(*)=O)CC1,1.218
*CCOC(=O)c1ccccc1C(=O)O*,1.37925
*Oc1cccc(OC(=O)c2cccc(C(*)=O)c2)c1,1.34
*Oc1ccc(C(C)(C)c2ccc(OC(=O)c3ccc(C(*)=O)cc3)c(C)c2)cc1C,1.167
*Oc1ccc(C2(c3ccc(OC(=O)c4cccc(C(*)=O)c4)cc3)c3ccccc3-c3ccccc32)cc1,1.211
*c1ccc(OC(=O)c2ccc(C(=O)Oc3ccc(C4(*)OC(=O)c5ccccc54)cc3)cc2)cc1,1.315
*CCOC(=O)c1cccc2c(C(=O)O*)cccc12,1.38
*CCOC(=O)c1ccc(C(=O)O*)c2ccccc12,1.36
*CC(=O)O*,1.563
*CCCCCC(=O)O*,1.135
*CCCCCCC(=O)O*,1.076
*CCCCCCCCCC(=O)O*,1.06775
*CCCCCOC(=O)CCCCCC(=O)O*,1.151
*CCCCCCOC(=O)CCCCC(=O)O*,1.222
*CCCCCCCCCCOC(=O)CCCCCCCCCCCCCCCCC(=O)O*,1.047
*OC(C)CCC(C)OC(=O)CCCCC(*)=O,1.076
*CCOC(=O)/C=C/C(=O)O*,1.353
*CCCOC(=O)c1ccc(C(=O)O*)cc1,1.3327
*CCCCCCCCCCOC(=O)c1cccc(C(=O)O*)c1,1.034
*Oc1ccc(OC(=O)c2ccc(C(*)=O)cc2)cc1-c1ccccc1,1.3065
*Oc1ccc(-c2ccc(OC(=O)CCCCCC(*)=O)cc2)cc1,1.262
*Oc1ccc(-c2ccc(OC(=O)CCCCCCC(*)=O)cc2)cc1,1.253
*Oc1ccc(-c2ccc(OC(=O)CCCCCCCC(*)=O)cc2)cc1,1.224
*Oc1ccc(-c2ccc(OC(=O)CCCCCCCCC(*)=O)cc2)cc1,1.239
*Oc1ccc(-c2ccc(OC(=O)CCCCCCCCCC(*)=O)cc2)cc1,1.204
*CCCCCCOC(=O)c1cccc(C(=O)O*)c1,1.109
*Oc1ccc(-c2ccc(OC(=O)CCCCCCCCCCC(*)=O)cc2)cc1,1.208
*Oc1ccc(-c2ccc(OC(=O)CCCCCCCCCCCC(*)=O)cc2)cc1,1.176
*Oc1ccc(-c2ccc(OC(=O)CCCCCCCCCCCCC(*)=O)cc2)cc1,1.185
*CC1CCC(COC(=O)CCCCC(=O)O*)CC1,1.1655
*CC1CCC(COC(=O)CCC(=O)O*)CC1,1.259
*CCOC(=O)CCCCCC(=O)O*,1.278
*Oc1ccc(C(*)=O)cc1,1.48
*OC(C)CC(*)=O,1.237
*OC(C)C(*)=O,1.256
*CCC(=O)O*,1.422
*OC(CC(*)=O)C(Cl)Cl,1.675
*CC(CC)(CC)C(=O)O*,1.05
*CC(C)(C)C(=O)O*,1.21
*OC(CC)CC(*)=O,1.24
*CC(C)(CC)C(=O)O*,1.1
*OC(CC(*)=O)C(C)C,1.155
*CC(C)(CCC)C(=O)O*,1.07
*OC(CC(*)=O)C(Cl)(Cl)Cl,1.81
*Oc1ccc(OC(=O)CCCCC(*)=O)cc1,1.287
*CCCOC(=O)CCCCCCCCCCCCCCCCC(=O)O*,1.0595
*OC(=C)CC(*)=O,1.38
*Sc1ccc(-c2ccc(SC(=O)c3cccc(C(*)=O)c3)cc2)cc1,1.335
*CC1CCC(COC(=O)C2CCC(C(=O)O*)CC2)CC1,1.14
*CCOC(=O)C1CCC(C(=O)O*)CC1,1.2187
*CCOC(=O)c1ccc(-c2ccc(C(=O)O*)cc2)cc1,1.32
*CCCCCCCCCCCCOC(=O)c1ccc(C(=O)NCCCCCCCCCCCCNC(=O)c2ccc(C(=O)O*)cc2)cc1,1.176
*CCOC(=O)c1ccc(C(=O)NCCCCCCCCCCCCNC(=O)c2ccc(C(=O)O*)cc2)cc1,1.213
*CCCCCC(=O)NCCCCCCNC(=O)CCCCCOC(=O)CCCCC(=O)O*,1.135
*CCCCCCOC(=O)c1ccc(C(=O)NCCCCCCCCCCCCNC(=O)c2ccc(C(=O)O*)cc2)cc1,1.2155
*CCCCCCOC(=O)c1ccc(C(=O)NCCCCCCNC(=O)c2ccc(C(=O)O*)cc2)cc1,1.2775
*CCCCCCOC(=O)CCCCCCCC(=O)O*,1.0312
*CCCCCCOC(=O)c1ccc(-c2ccc(C(=O)O*)cc2)cc1,1.284
*CCCCCCOC(=O)CCCCCC(=O)O*,1.021
*CCc1ccc(CCOC(=O)c2ccc(C(=O)O*)cc2)cc1,1.51
*CCCCCc1ccc(CCCCCOC(=O)c2ccc(C(=O)O*)cc2)cc1,1.24
*CCCCc1ccc(CCCCOC(=O)c2ccc(C(=O)O*)cc2)cc1,1.35
*CCCc1ccc(CCCOC(=O)c2ccc(C(=O)O*)cc2)cc1,1.31
*Oc1ccc(OC(=O)c2ccc(C(*)=O)cc2)cc1,1.39
*CCCCOC(=O)CCCCCCCC(=O)O*,1.1087
*CCCOC(=O)c1cccc(C(=O)O*)c1,1.207
*CC(C)(C)COC(=O)CCC(=O)O*,1.17
*Cc1ccc(COC(=O)c2ccc(C(=O)O*)cc2)cc1,1.4
*Oc1ccc(-c2ccc(OC(=O)c3cccc(C(*)=O)c3)cc2)cc1,1.39
*Oc1ccc(C(C)(C)c2ccc(OC(=O)c3cccc(C(*)=O)c3)c(C)c2)cc1C,1.198
*Oc1c(C)cc(C(C)(C)c2cc(C)c(OC(=O)c3cccc(C(*)=O)c3)c(C)c2)cc1C,1.1215
*CCCOC(=O)c1ccc2cc(C(=O)O*)ccc2c1,1.329
*Oc1ccc(C(C)(C)c2ccc(OC(=O)c3ccc(C(C)(CC)c4ccc(C(*)=O)cc4)cc3)cc2)cc1,1.14
*Oc1c(C)cc(C(C)(C)c2cc(C)c(OC(=O)c3ccc(C(*)=O)cc3)c(C)c2)cc1C,1.1135
*Oc1ccc(C2(c3ccc(OC(=O)c4ccc(C(*)=O)cc4)cc3)c3ccccc3-c3ccccc32)cc1,1.376
*Oc1ccc(C(c2ccc(OC(=O)c3ccc(C(*)=O)cc3)cc2)(C(F)(F)F)C(F)(F)F)cc1,1.4041
*CCCCCCCCCCCCOC(=O)c1cccc(C(=O)O*)c1,1.008
*OC1CCC(OC(=O)CCCCCCCCC(*)=O)CC1,1.136
*CCOC(=O)c1ccc(C2(C)CC(C)(C)c3ccc(C(=O)O*)cc32)cc1,1.19
*Oc1ccc(OC(=O)CCCCCCCCC(*)=O)cc1,1.1888
*CCC(=O)N*,1.36
*CCCCNC(=O)CCCCC(=O)N*,1.231
*CCCCCNC(=O)CCCCC(=O)N*,1.14
*CCCCCC(=O)N*,1.14
*CCCCCCNC(=O)CCCCC(=O)N*,1.1422
*CCCCCCNC(=O)CCCCCC(=O)N*,1.135
*CCCCCCNC(=O)CCCCCCC(=O)N*,1.143
*CCCCCCNC(=O)CCCCCCCC(=O)N*,1.1035
*CCCCCCNC(=O)CCCCCCCCC(=O)N*,1.09
*CCCCCCNC(=O)CCCCCCCCCCC(=O)N*,1.06
*CCCCCCC(=O)N*,1.118
*CCCCCCCNC(=O)CCCCC(=O)N*,1.1135
*CCCCCCCNC(=O)CCCCCC(=O)N*,1.108
*CCCCCCCC(=O)N*,1.079
*CCCCCCCCNC(=O)CCCCCCCCC(=O)N*,1.07255
*CCCCCCCCNC(=O)CCCCCCCCCCC(=O)N*,1.062
*CCCCCCCCNC(=O)CCCCCCCCCCCCCCCCCCCCC(=O)N*,1.021
*CCCCCCCCC(=O)N*,1.066
*CCCCCCCCCC(=O)N*,1.0535
*CCCCCCCCCCNC(=O)CCCCCCCCCCC(=O)N*,1.35
*CCCCCCCCCCC(=O)N*,1.04
*CCCCCCCCCCCC(=O)N*,1.02
*CCCCCCCCCCCCNC(=O)CCCCCCCCCCCCCCCCC(=O)N*,1.01
*CCCCCCCCCCCCC(=O)N*,1.029
*CCCCCCCCCCCCCCNC(=O)CCCCCCCCCCCCCCCCC(=O)N*,1.013
*CCCCCCCCCCCCCCCCCCNC(=O)CCCCCCCCCCCCCCCCC(=O)N*,0.998
*CCCCCCCCCCNC(=O)CCCCCCCCC(=O)N*,1.0665
*CCCNC(=O)CCCCC(=O)NCCCN(*)C,1.12
*CCCCP(C)(=O)CCCNC(=O)CCCCC(=O)N*,1.15
*CCCP(C)(=O)CCCNC(=O)CCCCC(=O)N*,1.2
*CCCP(CCCNC(=O)CCCCC(=O)N*)c1ccccc1,1.16
*NC1CCC(CC2CCC(NC(=O)CCCCCCCCCCC(*)=O)CC2)CC1,1.05
*CCc1ccc(CCNC(=O)CCCCCCCCCCCCCCC(=O)N*)cc1,1.077
*CCc1ccc(CCNC(=O)CCCCCCCCCCCCCCCCC(=O)N*)cc1,1.055
*CCc1ccc(CCNC(=O)CCCCCCCCCCCCC(=O)N*)cc1,1.091
*CCc1ccc(CCNC(=O)CCCCCCCCCC(=O)N*)cc1,1.108
*CCc1ccc(CCNC(=O)CCCCCCCCC(=O)N*)cc1,1.139
*Nc1ccc(-c2ccc(NC(=O)c3cccc(C(*)=O)c3)cc2)cc1,1.52
*Nc1ccc(Cc2ccc(NC(=O)c3cccc(C(*)=O)c3)cc2)cc1,1.28
*CCCCCCNC(=O)CCC(C)CC(=O)N*,1.094
*CCCCCCCCNC(=O)Cc1ccc(CC(=O)N*)cc1,1.152
*NC1CC(C)(C)CC(C)(CNC(=O)CCCCC(*)=O)C1,1.08
*Cc1cccc(CNC(=O)CCCCC(=O)N*)c1,1.22
*Cc1ccc(CNC(=O)CCCCCCCCCCC(=O)N*)cc1,1.129
*Cc1ccc(CNC(=O)CCCCCCCCCCCCCCCCC(=O)N*)cc1,1.075
*Cc1ccc(CNC(=O)CCCCCCCCCCCCCC(=O)N*)cc1,1.09
*Cc1ccc(CNC(=O)CCCCCCCCC(=O)N*)cc1,1.1605
*Cc1ccc(CNC(=O)CCCCCCCCCCCC(=O)N*)cc1,1.108
*Cc1ccc(CNC(=O)CCCCCCCCCC(=O)N*)cc1,1.13
*NC(C)(C)CC(*)=O,1.11
*Nc1cccc2c(NC(=O)c3cccc(C(*)=O)c3)cccc12,1.34
*Nc1cccc2c(NC(=O)c3ccc(C(*)=O)cc3)cccc12,1.38
*CCCCCCCCCCCCCCCCCCNC(=O)Cc1ccc(CC(=O)N*)cc1,1.036
*CCCCCCCCCCCCNC(=O)CCc1ccc(CCC(=O)N*)cc1,1.08
*CCCCCCCCCCCCCCCCCCNC(=O)CCc1ccc(CCC(=O)N*)cc1,1.034
*Nc1cccc(NC(=O)c2cccc(C(*)=O)c2)c1,1.38
*Nc1ccc(NC(=O)c2cccc(C(*)=O)c2)cc1,1.331
*Nc1cccc(NC(=O)c2ccc(C(*)=O)cc2)c1,1.36
*Nc1ccc(NC(=O)c2ccc(C(*)=O)cc2)cc1,1.45
*Nc1ccc(-c2ccc(NC(=O)c3ccc(C(*)=O)cc3)cc2)cc1,1.46
*CCCCCCCCCCCCNC(=O)c1ccc(C(=O)N*)cc1,1.152
*CCCCCCCCCNC(=O)c1ccc(C(=O)N*)cc1,1.154
*Nc1ccc(Cc2ccc(NC(=O)c3ccc(C(*)=O)cc3)cc2)cc1,1.19
*CCCCCCCCCNC(=O)CCCCCCCC(=O)N*,1.051
*CCCCCCCCNC(=O)CCCCCCC(=O)N*,1.109
*CC(=O)N*,1.605
*NC(CCC(=O)OC)C(*)=O,1.31
*C(=O)CCCCCCCCC(=O)N1CCN(*)CC1,0.9261
*CCCCCCCCCCN1CCN(C(=O)CCCCCCCCC(=O)N2CCN(*)CC2)CC1,0.9709
*CCCCCCCCCCNC(=O)CCCCCCCC(=O)N*,0.9867
*C(=O)N(*)CCCC,1.035
*CC(C)(C)C(=O)N*,1.224
*NC(C)CC(*)=O,1.2285
*CCCC(=O)N*,1.3135
*CCCC(C)CC(=O)N*,1.085
*CCCCC(=O)N*,1.2
*CNC(=O)CCCCC(=O)N*,1.31
*CNC(=O)CCCCCCCCC(=O)N*,1.19
*CCCCNC(=O)CCC(=O)N*,1.28
*CCCCNC(=O)CCCCCCC(=O)N*,1.147
*CCCCNC(=O)CCCCCCCC(=O)N*,1.127
*CCCCNC(=O)CCCCCCCCC(=O)N*,1.1045
*CCCCCNC(=O)CC(=O)N*,1.233
*CCCCCNC(=O)CCCC(=O)N*,1.19
*CCCCCNC(=O)CCCCCC(=O)N*,1.1795
*CCCCCCNC(=O)CCCC(=O)N*,1.2
*CCCCCCNC(=O)CCCCCCCCCCCCCCCCC(=O)N*,1.04
*CCCCCCCNC(=O)CCCCCCCC(=O)N*,1.0855
*CCCCCCCNC(=O)CCCCCCCCC(=O)N*,1.082
*CCCCCCCCNC(=O)CCCCCCCC(=O)N*,1.079
*CCCCCCCCNC(=O)CCCCCCCCCCCCCCCCC(=O)N*,1.03
*CCCCCCCCCCNC(=O)CCCCCCCCCCCCCCCCC(=O)N*,1.024
*CCCCCCCCCCNC(=O)CCCCCCCCCCCCCCCCCCCCC(=O)N*,1.01
*CCCCCCCCCCCNC(=O)CCCCC(=O)N*,1.066
*CCCCCCCCCCCCNC(=O)CCCCCCCCC(=O)N*,1.14
*CCCCCCCCCCCCNC(=O)CCCCCCCCCCC(=O)N*,1.156
*CCCCCCCCCCCCNC(=O)CCCCCCCCCCCCCCCCCCCCC(=O)N*,1.006
*CCCCCCCCCCCCCCNC(=O)CCCCCCCCC(=O)N*,1.042
*CCCCCCCCCCCCCCNC(=O)CCCCCCCCCCC(=O)N*,1.027
*CCCCCCCCCCCCCCNC(=O)CCCCCCCCCCCCCCCCCCCCC(=O)N*,0.999
*CCCCCCCCCCCCCCCCCCNC(=O)CCCCCCCCC(=O)N*,1.024
*CCCCCCCCCCCCCCCCCCNC(=O)CCCCCCCCCCC(=O)N*,1.015
*CCCCCCCCCCCCCCCCCCNC(=O)CCCCCCCCCCCCCCCCCCCCC(=O)N*,0.99
*Nc1ccc(C(*)=O)cc1,1.515
*CCCCCCNC(=O)CCC(=O)N*,1.26
*CCCCCCNC(=O)Cc1ccc(CC(=O)N*)cc1,1.182
*CCCCCCCCNC(=O)CCc1ccc(CCC(=O)N*)cc1,1.151
*CCCCCCCCCCNC(=O)Cc1ccc(CC(=O)N*)cc1,1.13
*CCCCCCCCCCNC(=O)CCc1ccc(CCC(=O)N*)cc1,1.12
*CCCCCCCCCCCCNC(=O)Cc1ccc(CC(=O)N*)cc1,1.095
*CCCCCCCCCCCCCCNC(=O)c1ccc(C(=O)N*)cc1,1.115
*CCCCCCCCCCCCCCNC(=O)Cc1ccc(CC(=O)N*)cc1,1.075
*CCCCCCCCCCCCCCNC(=O)CCc1ccc(CCC(=O)N*)cc1,1.077
*CCCCCCCCCCCCCCCCCCNC(=O)c1ccc(C(=O)N*)cc1,1.067
*CC1CCC(CNC(=O)CCCCC(=O)N*)CC1,1.137
*Cc1ccc(CNC(=O)CCCCCCCC(=O)N*)cc1,1.152
*CCc1ccc(CCNC(=O)CCCCCCCC(=O)N*)cc1,1.14
*CCc1ccc(CCNC(=O)CCCCCCCCCCC(=O)N*)cc1,1.108
*CCc1ccc(CCNC(=O)CCCCCCCCCCCC(=O)N*)cc1,1.095
*Cc1ccc(CNC(=O)CCCCCCCCCCCCC(=O)N*)cc1,1.11
*CCc1ccc(CCNC(=O)CCCCCCCCCCCCCCCCCCCCC(=O)N*)cc1,1.05
*CCCCCCCCCCC(=O)N(*)C,1.005
*C(=O)C1CC(O)CN1*,1.415
*C(=O)C1CCCN1*,1.32
*NC(CCCNC(=O)OCc1ccccc1)C(*)=O,1.26
*NC(CCCCN)C(*)=O,1.26
*C(=O)CNC(=O)C1CCCN1C(=O)C1CCCN1*,1.32
*C(=O)CNC(=O)CNC(=O)C1CCCN1*,1.35
*NC(CCC(=O)OCc1ccccc1)C(*)=O,1.272
*NC(CCC(=O)O)C(*)=O,1.42
*NC(CCNC(=O)OCc1ccccc1)C(*)=O,1.1875
*NC(CC(=O)OCCC)C(*)=O,1.2635
*NC(CC(=O)OCc1ccc(Cl)cc1)C(*)=O,1.43
*C(=O)C(C)NC(=O)CNC(=O)C1CCCN1*,1.41
*NC(C)C(*)=O,1.305
*C(=O)NCCCCCCNC(=O)c1ccc(*)nc1,1.266
*CCCCCCNC(=O)C(=O)N*,1.278
*c1ccc(C(=O)Nc2ccc(NC(=O)c3ccc(C4(*)OC(=O)c5ccccc54)cc3)cc2)cc1,1.3
*c1ccc(C(=O)Nc2ccc(-c3ccc(NC(=O)c4ccc(C5(*)OC(=O)c6ccccc65)cc4)cc3)cc2)cc1,1.27
*c1ccc(NC(=O)c2ccc(C3(c4ccc(C(=O)Nc5ccc(C6(*)OC(=O)c7ccccc76)cc5)cc4)OC(=O)c4ccccc43)cc2)cc1,1.28
*c1ccc(NC(=O)c2ccc(C3(c4ccc(C(=O)Nc5ccc(C6(*)NC(=O)c7ccccc76)cc5)cc4)OC(=O)c4ccccc43)cc2)cc1,1.278
*NC(C)C(=O)NC(C)C(=O)NC(C)C(=O)NC(C(*)=O)C(C)C,1.265
*NC(C)C(=O)NC(C)C(=O)NC(C(=O)NC(C(*)=O)C(C)C)C(C)C,1.24
*NC(C)C(=O)NCCCC(*)=O,1.215
*NC(C)C(=O)NCCCCCC(*)=O,1.16
*NC(C)C(=O)NCCC(*)=O,1.275
*NC(C)C(=O)NCCCCC(*)=O,1.145
*NC(C)C(=O)NC(C(*)=O)C(C)C,1.265
*NC(CCC(=O)NCCCCO)C(*)=O,1.21
*NC(CCC(=O)NCCO)C(*)=O,1.325
*NC(CCC(=O)NCCCO)C(*)=O,1.19
*CCC(=O)NCC(=O)N*,1.435
*CCC(=O)NCCC(=O)NCC(=O)N*,1.42
*C(=O)C(NC(=O)C1CCCN1C(=O)C1CCCN1*)c1ccccc1,1.24
*NC(C(*)=O)C(Cc1ccccc1)c1c[nH]cn1,1.175
*NC(CC(C)C)C(*)=O,1.07
*NC(CCSC)C(*)=O,0.88
*NC(Cc1ccc(OC(=O)OCc2ccccc2)cc1)C(*)=O,1.205
*NC(C(*)=O)C(C)C,1.135
*NC1CCCC1C(*)=O,1.232
*CC(C)(CCCC)C(=O)N*,1.039
*CC(C)(CC)C(=O)N*,1.133
*CC(C)(CCC)C(=O)N*,1.067
*C(=O)NC1CCCC(*)O1,1.26
*CC1CCCC(CNC(=O)CCCCC(=O)N*)C1,1.16
*CC1CCCC(CNC(=O)CCCCCCCCCCC(=O)N*)C1,1.095
*CC1CCCC(CNC(=O)CCCCCCC(=O)N*)C1,1.12
*CCCCCCCNC(=O)CCCCCCC(=O)N*,1.112
*NC1CCC(CC2CCC(NC(=O)CCCCCCCCCCCCC(*)=O)CC2)CC1,0.917
*CNC(=O)CC(=O)N*,1.555
*NC(CC(=O)OCc1ccccc1)C(*)=O,1.31
*NC(CC(=O)OCCc1ccccc1)C(*)=O,1.315
*NC(CCC(=O)OCCCCC)C(*)=O,1.12
*NC(CCC(=O)OCCCC)C(*)=O,1.13
*NC(CCC(=O)OCc1ccc(Cl)cc1)C(*)=O,1.3665
*NC(CCC(=O)OCc1cccc(Cl)c1)C(*)=O,1.3495
*NC(CCC(=O)OCc1ccccc1Cl)C(*)=O,1.3745
*NC(CCC(=O)OCCCCCC)C(*)=O,1.09
*NC(CCC(=O)OCCc1ccccc1)C(*)=O,1.25
*NC(CCC(=O)OCC)C(*)=O,1.23
*NC(CCC(=O)OCCCCCCCC)C(*)=O,1.05
*NC(CCC(=O)OCCC)C(*)=O,1.19
*NC(CCC(=O)OCCCc1ccccc1)C(*)=O,1.08
*NC(C)CCCCC(*)=O,1.08
*CCCCCCCCCCNC(=O)C(CCCCCCCCCCCC)C(=O)N*,0.975
*CCCCCCNC(=O)CCCCCCCCCCCCCCCCCCCCC(=O)N*,1.032
*CCCCCCNC(=O)C(CCCC)C(=O)N*,1.052
*CCCCCCNC(=O)C(CCCCCCCCCC)C(=O)N*,1.0003
*CCCCCCNC(=O)C(CCCCCCCCCCCC)C(=O)N*,0.998
*CCCCCCNC(=O)C(CCCCCCCCCCCCCCCCC)C(=O)N*,0.985
*CCCCCCNC(=O)C(CCCCCCC)C(=O)N*,1.021
*CCCCCCNC(=O)C(CCCCCCCCCCCCCCCC)C(=O)N*,0.99
*CCCCCCNC(=O)C(CCCCCC)C(=O)N*,1.026
*CCCCCCNC(=O)C(CCCCCCCCC)C(=O)N*,1.008
*CCCCCCNC(=O)C(CCCCCCCCCCCCCCCCCC)C(=O)N*,0.975
*CCCCCCNC(=O)C(CCCCCCCC)C(=O)N*,1.02
*CCCCCCNC(=O)C(CCCCCCCCCCCCCCC)C(=O)N*,0.995
*CCCCCCNC(=O)C(CCCCC)C(=O)N*,1.039
*CCCCCCNC(=O)C(CCC)C(=O)N*,1.061
*CCCCCCNC(=O)C(CCCCCCCCCCCCCC)C(=O)N*,0.993
*CCCCCCNC(=O)C(CCCCCCCCCCCCC)C(=O)N*,0.993
*CCCCCCNC(=O)C(CCCCCCCCCCC)C(=O)N*,1.004
*CCCCCCCCCNC(=O)C(CCCCCCCCCCCC)C(=O)N*,0.977
*CCCCCCCCNC(=O)C(CCCCCCCCCCCC)C(=O)N*,0.996
*CCCCCNC(=O)C(CCCCCCCCCCCC)C(=O)N*,0.996
*CCc1ccc(CCNC(=O)CCCCCCCCCCCCCCCC(=O)N*)cc1,1.067
*CCc1ccc(CCNC(=O)CCCCCCCCCCCCCC(=O)N*)cc1,1.075
*CCCCNC(=O)C(CCCCCCCCCCCC)C(=O)N*,1.005
*Cc1ccc(CNC(=O)CCCCCCCCCCCCCCCCCCCCC(=O)N*)cc1,1.056
*Cc1ccc(CNC(=O)CCCCCCCCCCCCCCCC(=O)N*)cc1,1.08
*Cc1ccc(CNC(=O)CCCCCCCCCCCCCCC(=O)N*)cc1,1.092
*NC(CCCCNC(=O)OCc1ccccc1)C(*)=O,1.27
*C(=O)C1C(c2ccccc2)C(C(=O)N2CCN(*)CC2)C1c1ccccc1,1.2085
*NNC(=O)c1ccc(NC(=O)c2ccc(C(=O)Nc3ccc(C(=O)NNC(=O)c4ccc(C(*)=O)cc4)cc3)cc2)cc1,1.51
*CCCCCCCCCCCCCCCCCC(=O)N*,1.02
*CCCCCCCNC(=O)C(CCCCCCCCCCCC)C(=O)N*,0.987
*NC(Cc1ccccc1)C(*)=O,1.3
*Nc1cccc(/C=C/C(=O)/C=C/c2cccc(NC(=O)CCCCC(*)=O)c2)c1,1.19
*Nc1ccc(NC(=O)c2cccc(C(=O)c3ccc(C(*)=O)cc3)c2)cc1,1.31
*CCN(C)C(=O)CCCCCCCCC(=O)N(*)C,1.278
*CCCCCCNC(=O)c1ccc(C2(C)CC(C)(C)c3ccc(C(=O)N*)cc32)cc1,1.121
*CCOC(=O)NCCCCCCNC(=O)O*,1.3
*CCOC(=O)NCCCCCCCCCNC(=O)O*,1.175
*CCOC(=O)NCCCCCCCCCCNC(=O)O*,1.175
*CCCOC(=O)NCCCCCCNC(=O)O*,1.265
*CCCCOC(=O)NCCCNC(=O)O*,1.285
*CCCCOC(=O)NCCCCCCNC(=O)O*,1.23
*CCCCCOC(=O)NCCCCCCNC(=O)O*,1.245
*CCCCCCOC(=O)NCCCNC(=O)O*,1.23
*CCCCCCOC(=O)NCCCCCCNC(=O)O*,1.195
*CCOC(=O)Nc1ccc(Cc2ccc(NC(=O)O*)cc2)cc1,1.3233
*CCCCOC(=O)Nc1ccc(Cc2ccc(NC(=O)O*)cc2)cc1,1.453
*CCCCCCOC(=O)Nc1ccc(Cc2ccc(NC(=O)O*)cc2)cc1,1.423
*CCOC(=O)Nc1ccc(CCc2ccc(NC(=O)O*)cc2)cc1,1.3055
*C(=O)OCCOC(=O)N1CCN(*)CC1,1.35
*OC1CCC(OC(=O)Nc2ccc(Cc3ccc(NC(*)=O)cc3)cc2)CC1,1.1111
*CC1CCC(COC(=O)Nc2ccc(Cc3ccc(NC(=O)O*)cc3)cc2)CC1,1.18735
*CCCCCCOC(=O)NCCCCNC(=O)O*,1.2355
*CCCCCCCCCCCCCNC(=O)CCCCCCCCCCCC(=O)N*,1.04
*Nc1ccc(Cc2ccc(NC(*)=O)cc2)cc1,1.29
*CCCC1CC(=O)N(*)C(=O)C1,1.3
*c1ccc(Oc2ccc(-n3c(=O)c4cc5c(=O)n(*)c(=O)c5cc4c3=O)cc2)cc1,1.42
*c1ccc(Oc2ccc(Oc3ccc(-n4c(=O)c5cc6c(=O)n(*)c(=O)c6cc5c4=O)cc3)cc2)cc1,1.55
*C(=O)Oc1ccc(OC(=O)c2ccc3c(c2)C(=O)N(c2ccc(Oc4ccc(N5C(=O)c6ccc(*)cc6C5=O)cc4)cc2)C3=O)cc1,1.51
*C(=O)Oc1ccc(OC(=O)c2ccc3c(c2)C(=O)N(c2ccc(Oc4ccc(Oc5ccc(N6C(=O)c7ccc(*)cc7C6=O)cc5)cc4)cc2)C3=O)cc1,1.48
*c1ccc(Sc2ccc(-n3c(=O)c4cc5c(=O)n(*)c(=O)c5cc4c3=O)cc2)cc1,1.425
*c1ccc2c(c1)Cc1cc(-n3c(=O)c4cc5c(=O)n(*)c(=O)c5cc4c3=O)ccc1-2,1.46373
*c1ccc(Oc2ccc(N3C(=O)c4ccc(Oc5ccc6c(c5)C(=O)N(*)C6=O)cc4C3=O)cc2)cc1,1.38
*c1ccc2c(c1)C(=O)N(c1ccc(Cc3ccc(N4C(=O)c5ccc(C(F)(F)C(F)(F)C(*)(F)F)cc5C4=O)cc3)cc1)C2=O,1.433
*c1ccc2c(c1)C(=O)N(c1ccc(Oc3ccc(N4C(=O)c5ccc(C(F)(F)C(F)(F)C(*)(F)F)cc5C4=O)cc3)cc1)C2=O,1.48
*CCCCCCCCCCCCn1c(=O)c2cc3c(=O)n(*)c(=O)c3cc2c1=O,1.291
*c1ccc(Cc2ccc(-n3c(=O)c4cc5c(=O)n(*)c(=O)c5cc4c3=O)cc2)cc1,1.352
*c1ccc(C(=O)c2ccc(-n3c(=O)c4cc5c(=O)n(*)c(=O)c5cc4c3=O)cc2)cc1,1.52
*c1ccc(-c2ccc(-c3ccc(-n4c(=O)c5cc6c(=O)n(*)c(=O)c6cc5c4=O)cc3)cc2)cc1,1.48
*c1ccc(Cc2ccc(-n3c(=O)c4cc5c(=O)n(*)c(=O)c5cc4c3=O)c(C)c2)cc1C,1.32124
*c1ccc(-n2c(=O)c3cc4c(=O)n(*)c(=O)c4cc3c2=O)cc1,1.53954
*c1ccc(-c2ccc(-n3c(=O)c4cc5c(=O)n(*)c(=O)c5cc4c3=O)cc2)cc1,1.46772
*c1ccc(-c2ccc(-n3c(=O)c4cc5c(=O)n(*)c(=O)c5cc4c3=O)c(C)c2)cc1C,1.3468
*c1cccc(-n2c(=O)c3cc4c(=O)n(*)c(=O)c4cc3c2=O)c1,1.43717
*c1ccc(-n2c(=O)c3cc4c(=O)n(*)c(=O)c4cc3c2=O)c(C)c1,1.414845
*c1c(C)c(C)c(-n2c(=O)c3cc4c(=O)n(*)c(=O)c4cc3c2=O)c(C)c1C,1.3819
*c1ccc(Oc2ccc(Oc3ccc(Oc4ccc(Oc5ccc(-n6c(=O)c7cc8c(=O)n(*)c(=O)c8cc7c6=O)cc5)cc4)cc3)cc2)cc1,1.46
*c1ccc(Oc2ccc(Oc3ccc(Oc4ccc(-n5c(=O)c6cc7c(=O)n(*)c(=O)c7cc6c5=O)cc4)cc3)cc2)cc1,1.49
*c1ccc(Oc2cccc(Oc3ccc(-n4c(=O)c5cc6c(=O)n(*)c(=O)c6cc5c4=O)cc3)c2)cc1,1.51
*c1ccc(Oc2ccc(-c3ccc(Oc4ccc(-n5c(=O)c6cc7c(=O)n(*)c(=O)c7cc6c5=O)cc4)cc3)cc2)cc1,1.37205
*c1cccc(Oc2ccc(S(=O)(=O)c3ccc(Oc4cccc(-n5c(=O)c6cc7c(=O)n(*)c(=O)c7cc6c5=O)c4)cc3)cc2)c1,1.377045
*c1ccc(Oc2ccc(C(c3ccc(Oc4ccc(-n5c(=O)c6cc7c(=O)n(*)c(=O)c7cc6c5=O)cc4)cc3)(C(F)(F)F)C(F)(F)F)cc2)cc1,1.4505
*c1ccc(Oc2ccc(C(C)(C)c3ccc(Oc4ccc(-n5c(=O)c6cc7c(=O)n(*)c(=O)c7cc6c5=O)cc4)cc3)cc2)cc1,1.34236
*c1ccc(Oc2ccc(N3C(=O)c4ccc(-c5ccc6c(c5)C(=O)N(*)C6=O)cc4C3=O)cc2)cc1,1.3869
*c1ccc(Oc2ccc(N3C(=O)c4ccc(-c5cccc6c5C(=O)N(*)C6=O)cc4C3=O)cc2)cc1,1.332
*c1ccc(Sc2ccc(N3C(=O)c4ccc(-c5ccc6c(c5)C(=O)N(*)C6=O)cc4C3=O)cc2)cc1,1.36821
*c1ccc(Cc2ccc(N3C(=O)c4ccc(-c5ccc6c(c5)C(=O)N(*)C6=O)cc4C3=O)cc2)cc1,1.34757
*c1ccc2c(c1)Cc1cc(N3C(=O)c4ccc(-c5ccc6c(c5)C(=O)N(*)C6=O)cc4C3=O)ccc1-2,1.42332
*c1ccc(-c2ccc(N3C(=O)c4ccc(-c5ccc6c(c5)C(=O)N(*)C6=O)cc4C3=O)cc2)cc1,1.41893
*c1ccc(N2C(=O)c3ccc(-c4ccc5c(c4)C(=O)N(*)C5=O)cc3C2=O)cc1,1.452
*c1cccc(N2C(=O)c3ccc(-c4ccc5c(c4)C(=O)N(*)C5=O)cc3C2=O)c1,1.39085
*c1ccc(C)c(N2C(=O)c3ccc(-c4ccc5c(c4)C(=O)N(*)C5=O)cc3C2=O)c1,1.4086
*c1ccc(N2C(=O)c3ccc(-c4ccc5c(c4)C(=O)N(*)C5=O)cc3C2=O)c(C)c1,1.38374
*c1ccc(-c2ccc(N3C(=O)c4ccc(-c5ccc6c(c5)C(=O)N(*)C6=O)cc4C3=O)c(C)c2)cc1C,1.39
*c1ccc(-c2ccc(-c3ccc(N4C(=O)c5ccc(-c6ccc7c(c6)C(=O)N(*)C7=O)cc5C4=O)cc3)cc2)cc1,1.39557
*c1ccc(Cc2ccc(N3C(=O)c4ccc(-c5ccc6c(c5)C(=O)N(*)C6=O)cc4C3=O)c(C)c2)cc1C,1.29704
*c1ccc(Oc2ccc(-c3ccc(Oc4ccc(N5C(=O)c6ccc(-c7ccc8c(c7)C(=O)N(*)C8=O)cc6C5=O)cc4)cc3)cc2)cc1,1.36032
*c1ccc(Oc2ccc(C(C)(C)c3ccc(Oc4ccc(N5C(=O)c6ccc(-c7ccc8c(c7)C(=O)N(*)C8=O)cc6C5=O)cc4)cc3)cc2)cc1,1.28424
*c1ccc(Oc2ccc(C(c3ccc(Oc4ccc(N5C(=O)c6ccc(-c7ccc8c(c7)C(=O)N(*)C8=O)cc6C5=O)cc4)cc3)(C(F)(F)F)C(F)(F)F)cc2)cc1,1.387
*c1cccc(Oc2ccc(S(=O)(=O)c3ccc(Oc4cccc(N5C(=O)c6ccc(-c7ccc8c(c7)C(=O)N(*)C8=O)cc6C5=O)c4)cc3)cc2)c1,1.36742
*CCCCN1C(=O)c2ccc(Oc3ccc4c(c3)C(=O)N(*)C4=O)cc2C1=O,1.42
*CCCCCCN1C(=O)c2ccc(Oc3ccc4c(c3)C(=O)N(*)C4=O)cc2C1=O,1.39
*CCCCCCCCN1C(=O)c2ccc(Oc3ccc4c(c3)C(=O)N(*)C4=O)cc2C1=O,1.355
*c1ccc(N2C(=O)c3ccc(Oc4ccc5c(c4)C(=O)N(*)C5=O)cc3C2=O)cc1,1.414
*c1ccc(-c2ccc(N3C(=O)c4ccc(Oc5ccc6c(c5)C(=O)N(*)C6=O)cc4C3=O)cc2)cc1,1.354
*c1ccc(Oc2ccc(Oc3ccc(N4C(=O)c5ccc(Oc6ccc7c(c6)C(=O)N(*)C7=O)cc5C4=O)cc3)cc2)cc1,1.4175
*c1ccc2c(c1)C(=O)N(c1cccc(Oc3cccc(N4C(=O)c5ccc(C(*)(C(F)(F)F)C(F)(F)F)cc5C4=O)c3)c1)C2=O,1.435
*c1ccc2c(c1)C(=O)N(c1cccc(Oc3ccc(N4C(=O)c5ccc(C(*)(C(F)(F)F)C(F)(F)F)cc5C4=O)cc3)c1)C2=O,1.443
*c1ccc2c(c1)C(=O)N(c1ccc(Oc3ccc(N4C(=O)c5ccc(C(*)(C(F)(F)F)C(F)(F)F)cc5C4=O)cc3)cc1)C2=O,1.432
*c1ccc2c(c1)C(=O)N(c1ccc(Oc3ccc(Oc4ccc(N5C(=O)c6ccc(C(*)(C(F)(F)F)C(F)(F)F)cc6C5=O)cc4)cc3)cc1)C2=O,1.414
*c1ccc2c(c1)C(=O)N(c1ccc(Oc3cccc(Oc4ccc(N5C(=O)c6ccc(C(*)(C(F)(F)F)C(F)(F)F)cc6C5=O)cc4)c3)cc1)C2=O,1.418
*c1ccc2c(c1)C(=O)N(c1cccc(Oc3cccc(Oc4cccc(N5C(=O)c6ccc(C(*)(C(F)(F)F)C(F)(F)F)cc6C5=O)c4)c3)c1)C2=O,1.434
*C(=O)c1ccc2c(c1)C(=O)N(c1cccc(C(=O)c3cccc(N4C(=O)c5ccc(*)cc5C4=O)c3)c1)C2=O,1.3745
*C(=O)c1ccc2c(c1)C(=O)N(c1ccc(Oc3ccc(C(=O)c4cccc(C(=O)c5ccc(Oc6ccc(N7C(=O)c8ccc(*)cc8C7=O)cc6)cc5)c4)cc3)cc1)C2=O,1.4225
*C(=O)c1ccc2c(c1)C(=O)N(c1cccc(N3C(=O)c4ccc(*)cc4C3=O)c1)C2=O,1.406745
*C(=O)c1ccc2c(c1)C(=O)N(c1ccc(C)c(N3C(=O)c4ccc(*)cc4C3=O)c1)C2=O,1.363025
*C(=O)c1ccc2c(c1)C(=O)N(c1ccc(N3C(=O)c4ccc(*)cc4C3=O)c(C)c1)C2=O,1.39635
*C(=O)c1ccc2c(c1)C(=O)N(c1c(C)c(C)c(N3C(=O)c4ccc(*)cc4C3=O)c(C)c1C)C2=O,1.243
*C(=O)c1ccc2c(c1)C(=O)N(c1ccc(-c3ccc(N4C(=O)c5ccc(*)cc5C4=O)c(C)c3)cc1C)C2=O,1.33126
*C(=O)c1ccc2c(c1)C(=O)N(c1ccc(-c3ccc(-c4ccc(N5C(=O)c6ccc(*)cc6C5=O)cc4)cc3)cc1)C2=O,1.4
*C(=O)c1ccc2c(c1)C(=O)N(c1ccc3c(c1)Cc1cc(N4C(=O)c5ccc(*)cc5C4=O)ccc1-3)C2=O,1.42636
*C(=O)c1ccc2c(c1)C(=O)N(c1ccc(Oc3ccc(N4C(=O)c5ccc(*)cc5C4=O)cc3)cc1)C2=O,1.375
*C(=O)c1ccc2c(c1)C(=O)N(c1ccc(Sc3ccc(N4C(=O)c5ccc(*)cc5C4=O)cc3)cc1)C2=O,1.37755
*C(=O)c1ccc2c(c1)C(=O)N(c1ccc(Cc3ccc(N4C(=O)c5ccc(*)cc5C4=O)cc3)cc1)C2=O,1.34
*C(=O)c1ccc2c(c1)C(=O)N(c1ccc(Cc3ccc(N4C(=O)c5ccc(*)cc5C4=O)c(C)c3)cc1C)C2=O,1.29699
*C(=O)c1ccc2c(c1)C(=O)N(c1ccc(-c3ccc(N4C(=O)c5ccc(*)cc5C4=O)cc3)cc1)C2=O,1.389025
*C(=O)c1ccc2c(c1)C(=O)N(c1ccc(N3C(=O)c4ccc(*)cc4C3=O)cc1)C2=O,1.34
*C(=O)c1ccc2c(c1)C(=O)N(c1ccc(Oc3ccc(-c4ccc(Oc5ccc(N6C(=O)c7ccc(*)cc7C6=O)cc5)cc4)cc3)cc1)C2=O,1.38022
*C(=O)c1ccc2c(c1)C(=O)N(c1ccc(Oc3ccc(C(C)(C)c4ccc(Oc5ccc(N6C(=O)c7ccc(*)cc7C6=O)cc5)cc4)cc3)cc1)C2=O,1.28
*C(=O)c1ccc2c(c1)C(=O)N(c1ccc(Oc3ccc(C(c4ccc(Oc5ccc(N6C(=O)c7ccc(*)cc7C6=O)cc5)cc4)(C(F)(F)F)C(F)(F)F)cc3)cc1)C2=O,1.401
*CCCCCCCCCCCCn1c(=O)c2ccc3c(=O)n(*)c(=O)c4ccc(c1=O)c2c34,1.27
*c1cccc(S(=O)(=O)c2cccc(N3C(=O)c4ccc(Oc5ccc(Sc6ccc(Oc7ccc8c(c7)C(=O)N(*)C8=O)cc6)cc5)cc4C3=O)c2)c1,1.38
*c1cccc(S(=O)(=O)c2cccc(N3C(=O)c4ccc(Oc5ccc(S(=O)(=O)c6ccc(Oc7ccc8c(c7)C(=O)N(*)C8=O)cc6)cc5)cc4C3=O)c2)c1,1.37
*c1cccc(N2C(=O)c3ccc(Oc4ccc(C(C)(C)c5ccc(Oc6ccc7c(c6)C(=O)N(*)C7=O)cc5)cc4)cc3C2=O)c1,1.27
*c1ccc(Oc2ccc(N3C(=O)c4ccc(Oc5ccc(C(C)(C)c6ccc(Oc7ccc8c(c7)C(=O)N(*)C8=O)cc6)cc5)cc4C3=O)cc2)cc1,1.303
*c1ccc(C(C)(C)c2ccc(-n3c(=O)c4cc5c(=O)n(*)c(=O)c5cc4c3=O)cc2)cc1,1.3
*c1ccc2c(c1)C(=O)N(c1ccc(Cc3ccc(N4C(=O)c5ccc(C(*)(C(F)(F)F)C(F)(F)F)cc5C4=O)cc3)cc1)C2=O,1.4
*c1ccc2c(c1)C(=O)N(c1ccc(C(C)(C)c3ccc(N4C(=O)c5ccc(C(*)(C(F)(F)F)C(F)(F)F)cc5C4=O)cc3)cc1)C2=O,1.3565
*c1ccc(Oc2ccc(N3C(=O)c4ccc(Oc5ccc(Oc6ccc7c(c6)C(=O)N(*)C7=O)cc5)cc4C3=O)cc2)cc1,1.37
*C(=O)NCCNC(=O)c1ccc(N2C(=O)c3ccc(*)cc3C2=O)cc1,1.195
*C(=O)NCCCCCCNC(=O)c1ccc(N2C(=O)c3ccc(*)cc3C2=O)cc1,1.165
*C(=O)Nc1ccc(Cc2ccc(NC(=O)c3ccc(N4C(=O)c5ccc(*)cc5C4=O)cc3)cc2)cc1,1.3205
*C(=O)NC1CCC(CC2CCC(NC(=O)c3ccc(N4C(=O)c5ccc(*)cc5C4=O)cc3)CC2)CC1,1.22
*c1ccc(Cc2ccc(N3C(=O)c4ccc(Oc5ccc6c(c5)C(=O)N(*)C6=O)cc4C3=O)cc2)cc1,1.333
*c1ccc(Oc2ccc(N3C(=O)c4ccc(Oc5ccc(C(c6ccc(Oc7ccc8c(c7)C(=O)N(*)C8=O)cc6)(C(F)(F)F)C(F)(F)F)cc5)cc4C3=O)cc2)cc1,1.3915
*c1ccc(NC(=O)c2cccc(C(=O)Nc3ccc(N4C(=O)c5ccc(Oc6ccc7c(c6)C(=O)N(*)C7=O)cc5C4=O)cc3)c2)cc1,1.405
*c1ccc(Oc2cccc(N3C(=O)c4ccc(-c5ccc6c(c5)C(=O)N(*)C6=O)cc4C3=O)c2)cc1,1.445
*C(=O)Oc1ccc(OC(=O)c2ccc3c(c2)C(=O)N(c2ccc(Oc4ccc(Oc5ccc(Oc6ccc(N7C(=O)c8ccc(*)cc8C7=O)cc6)cc5)cc4)cc2)C3=O)cc1,1.455
*C(=O)Oc1ccc(OC(=O)c2ccc3c(c2)C(=O)N(c2ccc(Oc4ccc(Oc5ccc(Oc6ccc(Oc7ccc(N8C(=O)c9ccc(*)cc9C8=O)cc7)cc6)cc5)cc4)cc2)C3=O)cc1,1.43
*c1ccc(NC(=O)c2ccc(C(=O)Nc3ccc(-n4c(=O)c5cc6c(=O)n(*)c(=O)c6cc5c4=O)cc3)cc2)cc1,1.525
*C(=O)Oc1ccc(OC(=O)c2ccc3c(c2)C(=O)N(c2ccc(Sc4ccc(N5C(=O)c6ccc(*)cc6C5=O)cc4)cc2)C3=O)cc1,1.465
*CCCCCCCCCCn1c(=O)c2cc3c(=O)n(*)c(=O)c3cc2c1=O,1.35
*CCCCCCCCn1c(=O)c2cc3c(=O)n(*)c(=O)c3cc2c1=O,1.335
*C(=O)Nc1ccccc1NC(=O)c1ccc(N2C(=O)c3ccc(*)cc3C2=O)cc1,1.155
*C(=O)Nc1ccc(S(=O)(=O)c2ccc(NC(=O)c3ccc(N4C(=O)c5ccc(*)cc5C4=O)cc3)cc2)cc1,1.394
*C(=O)Nc1cccc(NC(=O)/C=C/c2cccc(N3C(=O)c4ccc(*)cc4C3=O)c2)c1,1.25
*c1ccc2c(c1)C(=O)N(c1ccc(Oc3ccc(C(c4ccc(Oc5ccc(N6C(=O)c7ccc(C(*)(C(F)(F)F)C(F)(F)F)cc7C6=O)cc5)cc4)(C(F)(F)F)C(F)(F)F)cc3)cc1)C2=O,1.439
*C(=O)c1ccc2c(c1)C(=O)N(c1ccc(C(c3ccc(N4C(=O)c5ccc(*)cc5C4=O)cc3)(C(F)(F)F)C(F)(F)F)cc1)C2=O,1.437
*c1ccc2c(c1)C(=O)N(c1ccc(N3C(=O)c4ccc(C(*)(C(F)(F)F)C(F)(F)F)cc4C3=O)cc1)C2=O,1.479
*c1ccc(C(c2ccc(N3C(=O)c4ccc(-c5ccc6c(c5)C(=O)N(*)C6=O)cc4C3=O)cc2)(C(F)(F)F)C(F)(F)F)cc1,1.424
*c1ccc2c(c1)C(=O)N(c1ccc(C(c3ccc(N4C(=O)c5ccc(C(*)(C(F)(F)F)C(F)(F)F)cc5C4=O)cc3)(C(F)(F)F)C(F)(F)F)cc1)C2=O,1.478
*c1ccc2c(c1)C(=O)N(c1cc(C)c(N3C(=O)c4ccc(C(*)(C(F)(F)F)C(F)(F)F)cc4C3=O)cc1C)C2=O,1.39
*C(=O)c1ccc2c(c1)C(=O)N(c1c(C)cc(C)c(N3C(=O)c4ccc(*)cc4C3=O)c1C)C2=O,1.293
*c1ccc2c(c1)C(=O)N(c1c(C)cc(C)c(N3C(=O)c4ccc(C(*)(C(F)(F)F)C(F)(F)F)cc4C3=O)c1C)C2=O,1.352
*c1ccc2c(c1)C(=O)N(c1c(C)c(C)c(N3C(=O)c4ccc(C(*)(C(F)(F)F)C(F)(F)F)cc4C3=O)c(C)c1C)C2=O,1.328
*c1cc2c(cc1C)-c1cc(C)c(N3C(=O)c4ccc(-c5ccc6c(c5)C(=O)N(*)C6=O)cc4C3=O)cc1S2(=O)=O,1.372
*c1ccc(C(c2ccccc2)(c2ccc(-n3c(=O)c4cc5c(=O)n(*)c(=O)c5cc4c3=O)cc2)C(F)(F)F)cc1,1.345
*c1ccc(N2C(=O)c3ccc(-c4cccc5c4C(=O)N(*)C5=O)cc3C2=O)cc1,1.3665
*C(=O)c1ccc2c(c1)C(=O)N(c1ccc(C3(C)CC(C)(C)c4ccc(N5C(=O)c6ccc(*)cc6C5=O)cc43)cc1)C2=O,1.239
*OC(=O)CS(=O)(=O)CCS(=O)(=O)CC(*)=O,1.251
*OC(=O)CCS(=O)(=O)CCS(=O)(=O)CCC(*)=O,1.471
*OC(=O)CCS(=O)(=O)CCC(*)=O,1.372
*OC(=O)CS(=O)(=O)Cc1ccc(CS(=O)(=O)CC(*)=O)cc1,1.415
*OC(=O)CCS(=O)(=O)Cc1ccc(CS(=O)(=O)CCC(*)=O)cc1,1.529
*CC1(C)CC(*)(C)C(=O)OC1=O,1.256
*OC1C(C)(C)C(OC(*)=O)C1(C)C,1.094
*Oc1ccc(Cc2ccc(OC(*)=O)cc2)cc1,1.2915
*Oc1ccc(Cc2ccc(OC(*)=O)c(C)c2)cc1C,1.25
*Oc1ccc(C(C)c2ccc(OC(*)=O)cc2)cc1,1.22
*Oc1ccc(C(CCC)c2ccc(OC(*)=O)cc2)cc1,1.17
*Oc1ccc(C(c2ccc(OC(*)=O)cc2)C(C)C)cc1,1.18
*Oc1ccc(C(c2ccccc2)c2ccc(OC(*)=O)cc2)cc1,1.24
*Oc1ccc(C(C)(C)c2ccc(OC(*)=O)cc2)cc1,1.2
*Oc1ccc(C(c2ccccc2)c2ccc(OC(*)=O)cc2C)c(C)c1,1.26
*Oc1ccc(C(C)(CC)c2ccc(OC(*)=O)cc2)cc1,1.18
*Oc1ccc(C(C)(CCC)c2ccc(OC(*)=O)cc2)cc1,1.1445
*Oc1ccc(C(C)(CC(C)C)c2ccc(OC(*)=O)cc2)cc1,1.14
*Oc1ccc(C(C)(C)c2ccc(OC(*)=O)c(C)c2)cc1C,1.167
*Oc1ccc(C(C)(C)c2ccc(OC(*)=O)c(Cl)c2)cc1Cl,1.295
*Oc1c(Cl)cc(C(C)(C)c2cc(Cl)c(OC(*)=O)c(Cl)c2)cc1Cl,1.415
*Oc1c(Br)cc(C(C)(C)c2cc(Br)c(OC(*)=O)c(Br)c2)cc1Br,1.95
*Oc1ccc(C(C)(c2ccccc2)c2ccc(OC(*)=O)cc2)cc1,1.21
*Oc1ccc(C(CCC)(CCC)c2ccc(OC(*)=O)cc2)cc1,1.138
*Oc1ccc(C2(c3ccc(OC(*)=O)cc3)CCCC2)cc1,1.21
*Oc1ccc(C2(c3ccc(OC(*)=O)cc3)CCCCC2)cc1,1.2
*Oc1ccc(C2(c3ccc(OC(*)=O)c(C)c3)CCCCC2)cc1C,1.202
*Oc1c(Cl)cc(C2(c3cc(Cl)c(OC(*)=O)c(Cl)c3)CCCCC2)cc1Cl,1.38
*Oc1ccc(C2(c3ccc(OC(*)=O)c(Cl)c3)CCCCC2)cc1Cl,1.29
*Oc1ccc(C2(c3ccc(OC(*)=O)cc3)c3ccccc3-c3ccccc32)cc1,1.219
*Oc1ccc(C(c2ccccc2)(c2ccccc2)c2ccc(OC(*)=O)cc2)cc1,1.27
*Oc1ccc(C(c2ccc(OC(*)=O)cc2)(C(F)(F)F)C(F)(F)F)cc1,1.479
*Oc1c(C)cc(C(C)(C)c2cc(C)c(OC(*)=O)c(C)c2)cc1C,1.0824
*Oc1ccc(C(C)(C)c2ccc(OC(*)=O)c(C(C)C)c2)cc1C(C)C,1.081
*Oc1ccc(C(=C(Cl)Cl)c2ccc(OC(*)=O)cc2)cc1,1.39
*Oc1ccc(C2(c3ccc(OC(*)=O)cc3)CC3CCC2C3)cc1,1.21
*Oc1c(C)cc(C(C)(C)c2cc(C)c(OC(*)=O)c(Cl)c2)cc1Cl,1.24
*CCN*,1.14
*CCN(*)C(=O)CCCC,1.0475
*CCN(*)C(=O)CC(C)C,1.07
*CCN(*)C(=O)CCCCC,1.0425
*CCN(*)C(=O)CCCCCC,1.025
*CCN(*)C(=O)CCCCCCC,1.025
*CCN(*)C(=O)c1ccc(C)cc1,1.16
*CCN(*)C(=O)c1ccc(Cl)cc1,1.32
*c1ccc(-c2nc3cc(-c4ccc5nc(-c6ccccc6)c(*)nc5c4)ccc3nc2-c2ccccc2)cc1,1.32
*c1ccc(-c2nc3cc(-c4ccc5nc(*)c(-c6ccccc6)nc5c4)ccc3nc2-c2ccccc2)cc1,1.315
*c1ccc(-c2nnc(-c3cccc(-c4nnc(*)n4-c4ccccc4)c3)n2-c2ccccc2)cc1,1.2315
*C[Si](*)(C)C,0.9185
*O[Si](*)(CC)CC,1.02
*O[Si](*)(CCC)CCC,0.9925
*O[Si](C)(CCC(F)(F)F)CCC(F)(F)C(F)(F)C(F)(F)C(F)(F)C(F)(F)C(F)(F)CC[Si](*)(C)CCC(F)(F)F,1.59
*O[Si](C)(CCC(F)(F)F)CCC(F)(F)C(F)(F)C(F)(F)C(F)(F)C(F)(F)C(F)(F)C(F)(F)C(F)(F)C(F)(F)C(F)(F)CC[Si](*)(C)CCC(F)(F)F,1.69
*O[Si](C)(CCC(F)(F)F)CCC(F)(F)C(F)(F)C(F)(F)C(F)(F)C(F)(F)C(F)(F)C(F)(F)C(F)(F)CC[Si](*)(C)CCC(F)(F)F,1.63
*O[Si](C)(CCC(F)(F)F)CCC(F)(F)C(F)(F)C(F)(F)C(F)(F)CC[Si](*)(C)CCC(F)(F)F,1.54
*O[Si](C)(CCC(F)(F)F)CCC(F)(F)CC[Si](*)(C)CCC(F)(F)F,1.4
*O[Si](C)(CCC(F)(F)F)CCC(F)(F)C(F)(F)CC[Si](*)(C)CCC(F)(F)F,1.45
*O[Si](*)(C)C,0.97302
*O[Si](*)(C)CCC(F)(F)F,1.4
*O[Si](C)(C)c1ccc([Si](*)(C)C)cc1,1.102
*[Si](*)(CCCCCC)CCCCCC,1.004
*[Si](*)(c1ccccc1)c1ccccc1,1.31
*[Si](*)(C)C,0.971
*O[Si](O[Si](O[Si](*)(c1ccccc1)c1ccccc1)(c1ccccc1)c1ccccc1)(c1ccccc1)c1ccc(C)cc1,1.145
*O[Si](*)(C)CCC,0.916
*O[Si](*)(C)CCCCCCCC,0.906
*O[Si](*)(C)CC,0.978
*N=P(*)(Oc1ccccc1)Oc1ccccc1,1.385
*N=P(*)(Oc1ccc(-c2ccccc2)cc1)Oc1ccc(-c2ccccc2)cc1,1.3
*N=P(*)(OCC(F)(F)F)OCC(F)(F)F,1.48
*N=P(*)(OCC(F)(F)C(F)(F)F)OCC(F)(F)C(F)(F)F,2.02
*N=P(*)(Oc1ccc(F)cc1)Oc1ccc(F)cc1,1.446
*N=P(*)(Cl)Cl,2.15
*N=P(*)(Oc1ccc(Cl)cc1)Oc1ccc(Cl)cc1,1.536
*N=P(*)(Oc1ccc(C)c(C)c1)Oc1ccc(C)c(C)c1,1.245
*N=P(*)(Oc1ccc(C(C)C)cc1)Oc1ccc(C(C)C)cc1,1.195
*N=P(*)(Oc1ccc(C)cc1)Oc1ccc(C)cc1,1.287
*N=P(*)(F)F,2.13
*N=P(*)(C)C,1.267
*CCC(*)=O,1.3
*C(=O)C(*)(C)C,1.3
*Oc1ccc(C(=O)c2ccc(*)cc2)cc1,1.398
*CCCCCCS(*)(=O)=O,1.29
*c1ccc(*)cc1,1.33
*c1ccc(C(*)C)cc1,1.155
*CCc1ccc(*)cc1,1.14
*=C=C=C(Cn1c2ccccc2c2ccccc21)C(=*)Cn1c2ccccc2c2ccccc21,1.31
*=C=C=C(CO)C(=*)CO,1.23075
*=C=C=C(COC(=O)NCC)C(=*)COC(=O)NCC,1.295
*c1ccc(C(F)(F)C(*)(F)F)cc1,1.597
*c1ccc2cc(C3C(C(=O)Oc4ccc(Cl)cc4Cl)C(*)C3C(=O)Oc3ccc(Cl)cc3Cl)ccc2c1,1.397
*c1ccc(C2C(c3ccccn3)C(*)C2c2ccccn2)cc1,1.282
*=C=C=C(CCCCOS(=O)(=O)c1ccc(C)cc1)C(=*)CCCCOS(=O)(=O)c1ccc(C)cc1,1.405
*=C=C=C(CCCCOC(=O)NCC)C(=*)CCCCOC(=O)NCC,1.18
*=C=C=C(CCCCOC(=O)Nc1ccccc1)C(=*)CCCCOC(=O)Nc1ccccc1,1.26
*CC(*)C1CCCCCC1,0.926
*CC(*)C1CCCCC1C,0.9402
*CC(*)C1CCC(C(C)(C)C)CC1,0.914
*C1CCC(*)C1,1.08
*C1C2CC(C)C(C2)C1*,1
*C1CC2CC1C(*)C2CCCC,0.985
*C1CC2CC1C(*)C2CCCCCC,0.954
*CCC1CC(*)C2C3CC(CC)C(C3)C12,1.01
*CC(*)(C)c1ccc2ccccc2c1,1.105
*CC(*)(OC(C)=O)c1ccc(OC(=O)OC)cc1,1.31
*CC(*)(OC(C)=O)c1ccc(OC(=O)CC)cc1,1.238
*CC(*)(OC(C)=O)c1ccc(OC(=O)CCC)cc1,1.223
*CC(CC(*)(C#N)C#N)(OC(C)=O)c1ccc(OC(C)=O)cc1,1.22
*CC(CC(*)(C#N)C#N)(OC(C)=O)c1ccc(OC(=O)OC)cc1,1.23
*CC(CC(*)(C#N)C#N)(OC(C)=O)c1ccc(OC(=O)CC)cc1,1.21
*CC(CC(*)(C#N)C#N)(OC(C)=O)c1ccc(OC(=O)CCC)cc1,1.2
*CC(CC(*)(C#N)C#N)c1ccc(OC(C)=O)cc1,1.21
*CC(CC(*)(C#N)C#N)c1ccc(F)cc1,1.2
*CC(CC(*)(C#N)C#N)c1ccc(Cl)cc1,1.215
*CC(CC(*)(C#N)C#N)c1ccc(CCl)cc1,1.18
*CC(*)c1cc(OC)c(O)c(OC)c1,0.98
*CC(*)c1ccc(Cl)c([N+](=O)[O-])c1,1.45
*CC(*)c1ccccc1Br,1.565
*CC(*)c1cccc(Br)c1,1.551
*CC(*)c1ccc(O)c(OC)c1,1
*CCC(c1ccccc1)C(*)c1ccccc1,1.0085
*CCC1CC(*)C2C3CC(c4ccc(COC(C)CC)cc4)C(C3)C12,1.01
*CC(*)[Si](C)(C)C,0.89
*/C=C/C(CN)C(*)C(=O)O,1.835
*CC/C(Cl)=C(/*)Cl,1.57
*=C=C=C(CCOS(=O)(=O)c1ccc(C)cc1)C(=*)CCOS(=O)(=O)c1ccc(C)cc1,1.39
*=C=C=C(COC(=O)Nc1ccccc1)C(=*)COC(=O)Nc1ccccc1,1.37
*/C(=C(/*)c1ccccc1)c1ccccc1,1.04
*=C=C=C(CCCCOC(=O)NC(C)C)C(=*)CCCCOC(=O)NC(C)C,1.165
*/C=C(/*)c1ccc(C#C)cc1,1.097
*/C=C(/*)c1cccc(C#C)c1,1.13
*/C=C/C1CC(*)C([Si](C)(C)C)C1,0.919
*/C=C/C1CC(*)C([Si](C)(C)C[Si](C)(C)C)C1,0.93
*/C=C(/*)c1ccc(-n2c(=O)c3cc4c(=O)n(-c5ccc(C#C)cc5)c(=O)c4cc3c2=O)cc1,1.25
*/C=C/CC(C*)(C(=O)OC12CC3CC(CC(C3)C1)C2)C(=O)OC12CC3CC(CC(C3)C1)C2,1.128
*CC(*)S(=O)c1ccccc1,1.382
*CC(*)S(=O)(=O)c1ccccc1,1.244
*/C(=C(/*)c1ccc([Si](C)(C)C)cc1)c1ccccc1,0.91
*/C=C/C1CC(*)C(F)(F)C1(F)OC(F)(F)C(F)(F)C(F)(F)F,1.626
*CC(*)CO,1.269
*/C(=C(/*)c1ccc([Si](C(C)C)(C(C)C)C(C)C)cc1)c1ccccc1,0.99
*CC(*)[Si](C)(C)O[SiH](C)C,0.90732
*CC(*)n1cncn1,1.132
*/C(C)=C(/*)[Ge](C)(C)C,1.15
*/C=C/C(C(=O)OCc1ccc(Br)cc1)C(*)C(=O)OCc1ccc(Br)cc1,1.719
*/C=C/C(C(=O)OCc1ccc(Cl)cc1)C(*)C(=O)OCc1ccc(Cl)cc1,1.466
*C1C2CC(C1*)C([Si](C)(C)C)C2,0.883
*c1ccc2c(c1)C(c1ccc(OCC(CC)CCCC)cc1)(c1ccc(OCC(CC)CCCC)cc1)c1cc(-c3ccc4c(c3)C(c3ccccc3)(c3ccc5ccc6cccc7ccc3c5c67)c3cc(*)ccc3-4)ccc1-2,1.04
*CC(*)C(=O)SCCC,1.273
*CC(*)C(=O)SC(C)C,1.3905
*CC(*)C(=O)SC(C)CC,1.3095
*CC(*)C(=O)SCC(C)C,1.2295
*CC(*)(C)C(=O)OC1CCCC1,1.113
*CC(*)C(=O)OCC(C)O,1.2115
*CC(*)C(=O)n1c2ccccc2c2ccccc21,1.3335
*CC(*)(C)C(=O)OCCCCCCOc1ccc(C(=O)Oc2ccc(OC)cc2)cc1,1.17
*CC(*)C(=O)OCCCCCCOc1ccc(C(=O)Oc2ccc(OC)cc2)cc1,1.189
*CC(*)(C)C(=O)OCC(F)(F)C(F)(F)F,1.5204
*CC(*)(C)C(=O)OCCC(F)(F)C(F)(F)C(F)(F)C(F)(F)C(F)(F)C(F)(F)C(F)(F)C(F)(F)F,1.7427
*CC(*)(C)C(=O)Oc1c(C)cccc1C,1.146
*CC(*)(C)C(=O)Oc1cccc(C)c1C,1.156
*CC(*)(C)C(=O)OCCCCCCN(C)c1ccc(/N=N/c2ccc(S(C)(=O)=O)cc2)cc1,1.28
*CC(*)C(=O)OCCCCCOc1ccc(C(=O)Oc2ccc(OC)cc2)cc1,1.193
*CC(*)(C)C(=O)OCCCCOc1ccc(C(=O)Oc2ccc(OC)cc2)cc1,1.18
*CC(*)C(=O)N(O)c1ccccc1,1.41
*CC(*)C(=O)N(O)c1ccc(C)cc1,1.37
*CC(*)C(=O)N(O)c1cccc(C)c1,1.4
*CC(*)C(=O)N(O)c1ccccc1C,1.26
*CC(*)C(=O)N(O)c1ccc(Cl)cc1,1.33
*CC(*)C(=O)N(O)c1cccc(Cl)c1,1.41
*CC(*)C(=O)N(O)c1ccc(Br)cc1,1.48
*CC(*)C(=O)N(O)c1ccc(I)cc1,1.55
*CC(*)C(=O)OCCCCCCOc1ccc(/C=N/c2ccc(OCCCCC)cc2)c(O)c1,1.11
*CC(*)(C)C(=O)OCC1COC(c2ccccc2)O1,1.252
*C(*)C(=O)OC(C)C,1.126
*CC(*)(C)C(=O)Oc1c(C(C)C)cccc1C(C)C,1.08
*CC(*)(C)C(=O)OCCC[Si](OC)(OC)OC,1.2331
*CC(*)(C)C(=O)OCCC[Si](O[Si](C)(C)C)(O[Si](C)(C)C)O[Si](C)(C)C,1.1015
*CC(*)(C)C(=O)OCC(O)C1CC(C)(c2ccccc2)C1,1.053
*CC(*)(C)C(=O)OCC(=O)c1ccccc1,1.35
*CC(*)(C)C(=O)OCc1ccc(Cl)c(Cl)c1,1.423
*C(C)C(*)C(=O)OCC,1.1
*C(C)C(*)C(=O)OCCC,1.07
*C(C)C(*)C(=O)OC(C)C,1.05
*C(C)C(*)C(=O)OCCCC,1.05
*CCC1CC(*)C2C3CC(C12)C(C)(C(=O)OC)C3,1.18
*CC(*)(C)C(=O)OCc1cccc(Cl)c1,1.264
*CC(*)(C)C(=O)OCc1ccc(Cl)cc1,1.216
*CC(*)(C)C(=O)OCc1cccc(Cl)c1Cl,1.451
*CC(*)(C)C(=O)OCc1ccc(Cl)cc1Cl,1.543
*CC(*)(C)C(=O)OCc1cc(Cl)ccc1Cl,1.45
*CC(*)(C)C(=O)OCc1c(Cl)cccc1Cl,1.463
*CC(*)(C)C(=O)OCc1cc(Cl)cc(Cl)c1,1.44
*CC(*)(C)C(=O)Oc1ccc(/C=C/c2ccccc2)cc1,1.283
*CC(*)(C)C(=O)Oc1c(OC)cc(/C=C/c2ccccc2)cc1OC,1.253
*CCCC(*)(C)Cl,1.1975
*CCCCCCC(Cl)C(*)Cl,1.23
*CCC(Cl)C(*)C,1.161
*/C=C/CCCCCCCC*,0.99
*/C=C(/*)C(C)(C)C,0.9298
*C1C(*)C2CC1C1C=CCC12,1.03
*c1ccc2c(c1)C(CCCCCCCC)(CCCCCCCC)c1cc(*)ccc1-2,0.88
*/C(C)=C(/*)C(C)C,1.005
*OC(=O)Oc1ccc(C(C)(C)c2ccc(OC(=O)OC3CC4CC(*)CC(C3)O4)cc2)cc1,1.245
*OC(=O)Oc1cccc(OC(=O)OC2CC3CC(*)CC(C2)O3)c1,1.273
*OC(=O)Oc1ccc(S(=O)(=O)c2ccc(OC(=O)OC3CC4CC(*)CC(C3)O4)cc2)cc1,1.368
*OC(=O)Oc1ccc(OC(=O)OC2CC3CC(*)CC(C2)O3)cc1,1.251
*OC(=O)OC1CC2CC(*)CC(C1)O2,1.31
*OC(=O)NC1CCC(CC2CCC(NC(=O)OC3CC4CC(*)CC(C3)O4)CC2)CC1,1.259
*C(=O)OC1CC2CC(OC(=O)N3CCN(*)CC3)CC(C1)O2,1.206
*OC(=O)Nc1ccc(Cc2ccc(NC(=O)OC3CC4CC(*)CC(C3)O4)cc2)cc1,1.33
*OC(=O)OCCOC(=O)c1ccc(C(=O)OCCOC(=O)OC2CC3CC(*)CC(C2)O3)cc1,1.18
*CC(O)COc1ccc(S(=O)(=O)c2ccc(OCC(O)COc3ccc(S(=O)(=O)c4ccc(O*)c(C)c4)cc3C)cc2)cc1,1.35
*CC(O)COc1ccc(S(=O)(=O)c2ccc(OCC(O)COc3c(C)cc(S(=O)(=O)c4cc(C)c(O*)c(C)c4)cc3C)cc2)cc1,1.27
*CC(O)COc1ccc(S(=O)(=O)c2ccc(O*)c(C)c2)cc1C,1.3
*CC(O)COc1c(C)cc(S(=O)(=O)c2cc(C)c(O*)c(C)c2)cc1C,1.274
*CC(O)COc1ccc(C(C)(C)c2ccc(OCC(O)COc3c(C)cc(C(C)(C)c4cc(C)c(O*)c(C)c4)cc3C)cc2)cc1,1.154
*CC(O)COc1c(C)cc(C(C)(C)c2cc(C)c(OCC(O)COc3ccc(S(=O)(=O)c4ccc(O*)cc4)cc3)c(C)c2)cc1C,1.277
*CC(O)COc1c(C)cc(C(C)(C)c2cc(C)c(O*)c(C)c2)cc1C,1.13
*Oc1ccc(Oc2ccc(C(=O)c3ccc(C(=O)c4ccc(*)cc4)cc3)cc2)cc1,1.327
*Oc1ccc(C(=O)c2ccc(Oc3ccc(C(=O)c4ccc(C(=O)c5ccc(*)cc5)cc4)cc3)cc2)cc1,1.403
*OC(*)CCl,1.804
*OC(*)C(Cl)Cl,2.072
*CCCCCCCC(=O)OC1COC(*)OC1,1.439
*CC(C[N-][N+]#N)(C[N-][N+]#N)CO*,1.29
*c1ccc(Oc2ccc(-c3cc(-c4ccc(Oc5ccc(-c6cc(*)nc7ccccc67)cc5)cc4)c4ccccc4n3)cc2)cc1,1.26
*OC1C(COCC)OC(*)C(OCC)C1OCC,1.15
*OC1C(CO)OC(*)C(O)C1O,0.94
*OC(F)(C(*)(F)F)C(F)(F)F,1.887
*Oc1cc(C)c(*)c(C)c1Br,1.505
*c1ccc(-c2nnc(*)o2)cc1,1.54
*Oc1ccc2[nH]c(-c3ccc4sc5ccc(-c6nc7cc(*)ccc7[nH]6)cc5c4c3)nc2c1,1.208
*OC(F)(F)C(F)(F)C(*)(F)F,1.86245
*c1ccc(Oc2ccc(C(=O)c3ccc(Oc4ccc(C5(*)OC(=O)c6ccccc65)cc4)cc3)cc2)cc1,1.249
*c1ccc(Oc2ccc(S(=O)(=O)c3ccc(Oc4ccc(C5(*)OC(=O)c6ccccc65)cc4)cc3)cc2)cc1,1.307
*Oc1ccc(S(=O)(=O)c2ccc(Oc3ccc(C(C)(C)c4ccc(Oc5ccc(C(=O)c6ccc(*)cc6)cc5)cc4)cc3)cc2)cc1,1.34
*Oc1ccc(Oc2ccc(S(=O)(=O)c3ccc(Oc4ccc(C(=O)c5ccc(*)cc5)cc4)cc3)cc2)cc1,1.34
*Oc1cccc(Oc2ccc(S(=O)(=O)c3ccc(Oc4ccc(C(=O)c5ccc(*)cc5)cc4)cc3)cc2)c1,1.34
*Oc1ccc(S(=O)(=O)c2ccc(Oc3ccc(-c4ccc(Oc5ccc(C(=O)c6ccc(*)cc6)cc5)cc4)cc3)cc2)cc1,1.34
*Oc1ccc2cc(Oc3ccc(S(=O)(=O)c4ccc(Oc5ccc(C(=O)c6ccc(*)cc6)cc5)cc4)cc3)ccc2c1,1.34
*Oc1cccc(Oc2cccc(*)c2)c1C#N,1.38
*Oc1ccc(S(=O)(=O)c2ccc(Oc3ccc(C(C)(C)c4ccc(*)c(C)c4)cc3C)cc2)cc1,1.213
*Oc1ccc(S(=O)(=O)c2ccc(Oc3c(C(C)C)cc(C(C)(C)c4cc(C(C)C)c(*)c(C(C)C)c4)cc3C(C)C)cc2)cc1,1.05
*c1ccc2oc(-c3ccc(C(c4ccc(-c5nc6cc(C(*)(C(F)(F)F)C(F)(F)F)ccc6o5)cc4)(C(F)(F)F)C(F)(F)F)cc3)nc2c1,1.4205
*Oc1cccc(C(=O)c2ccc(*)cc2)c1,1.29
*CCOCCOCCOCCOC(=O)c1ccc(-c2ccc(C(=O)O*)cc2)cc1,1.25
*Oc1ccc(Oc2ccc(C(=O)c3ccc(Oc4ccc(C(=O)c5ccc(*)cc5)cc4)cc3)cc2)cc1,1.396
*Oc1ccc(Oc2ccc(C(=O)C(=O)c3ccc(*)cc3)cc2)cc1,1.345
*CCCCCOc1ccc(CCc2ccc(O*)cc2C)cc1,1.35
*CCCCCCCOc1ccc(CCc2ccc(O*)cc2C)cc1,1.35
*CCCCCCCCCOc1ccc(CCc2ccc(O*)cc2C)cc1,1.35
*CCCCCCCCCCCOc1ccc(CCc2ccc(O*)cc2C)cc1,1.35
*C(=O)Oc1ccc(C(C)(C)c2ccc(OC(=O)c3ccc4c(c3)C(=O)n3c-4nc4ccc(Oc5ccc6c(c5)nc5n6C(=O)c6ccc(*)cc6-5)cc43)cc2)cc1,1.315
*Oc1cc(C)c(C(c2cc(C(C)C)c(Oc3ccc(C(=O)c4ccc(*)cc4)cc3)cc2C)c2ccccc2C(=O)O)cc1C(C)C,1.128
*Oc1ccc(NC(=O)c2ccc3cc(C(=O)Nc4ccc(Oc5ccc(C(c6ccc(*)cc6)(C(F)(F)F)C(F)(F)F)cc5)cc4)ccc3c2)cc1,1.63
*Oc1ccc(C(C)(C)c2ccc(Oc3nc(*)nc(OC)n3)cc2)cc1,1.048
*Oc1ccc(NC(=O)c2ccc(C(c3ccc(C(=O)O)c(C(=O)Nc4cc(*)ccc4N)c3)(C(F)(F)F)C(F)(F)F)cc2C(=O)O)c(N)c1,1.413
*c1ccc2c(c1)-c1nc3cc(Oc4ccc5c(c4)nc4n5C(=O)c5cc(C(*)(C(F)(F)F)C(F)(F)F)ccc5-4)ccc3n1C2=O,1.405
*CC(CS(C)(=O)=O)O*,1.442
*CC(CS(=O)(=O)CC)O*,1.361
*CC(CS(=O)(=O)CCC)O*,1.292
*CC(CS(=O)(=O)C(C)C)O*,1.291
*CC(CS(=O)(=O)CCCC)O*,1.265
*CC(CS(=O)(=O)CCCCC)O*,1.249
*CC(CO*)(CS(C)(=O)=O)CS(C)(=O)=O,1.48
*CCCCCCCCCCOc1ccc(/N=C/c2ccc(/C=N/c3ccc(O*)cc3C)cc2)c(C)c1,1.144
*Oc1ccc(S(=O)(=O)c2ccc(Oc3ccc(C(C)(C)c4ccc(*)cc4)cc3[N+](=O)[O-])cc2)cc1,1.306
*Oc1ccc(S(=O)(=O)c2ccc(Oc3ccc(C(C)(C)c4ccc(*)cc4)cc3)c([N+](=O)[O-])c2)cc1[N+](=O)[O-],1.353
*Oc1ccc(S(=O)(=O)c2ccc(Oc3ccc(C4(c5ccc(*)c(C)c5)CCCCC4)cc3C)cc2)cc1,1.227
*Oc1ccc(S(=O)(=O)c2ccc(Oc3c(C)cc(Cc4cc(C)c(*)c(C)c4)cc3C)cc2)cc1,1.184
*Oc1ccc(S(=O)(=O)c2ccc(Oc3c(C)cc(C(c4cc(C)c(*)c(C)c4)(C(F)(F)F)C(F)(F)F)cc3C)cc2)cc1,1.32
*Oc1ccc(C(C)(C)c2ccc(Oc3ccc(C(=O)c4ccc(C(C)(C)c5ccc(C(=O)c6ccc(*)cc6)cc5)cc4)cc3)cc2)cc1,1.166
*Oc1ccc(C(c2ccc(Oc3ccc(C(=O)c4ccc(C(C)(C)c5ccc(C(=O)c6ccc(*)cc6)cc5)cc4)cc3)cc2)(C(F)(F)F)C(F)(F)F)cc1,1.287
*Oc1ccc(C(C)(C)c2ccc(Oc3ccc(C(=O)c4ccc(C(c5ccc(C(=O)c6ccc(*)cc6)cc5)(C(F)(F)F)C(F)(F)F)cc4)cc3)cc2)cc1,1.284
*Oc1ccc(C(c2ccc(Oc3ccc(C(=O)c4ccc(C(c5ccc(C(=O)c6ccc(*)cc6)cc5)(C(F)(F)F)C(F)(F)F)cc4)cc3)cc2)(C(F)(F)F)C(F)(F)F)cc1,1.401
*CC(=C)COCC(=C)COC(=O)O*,1.332
*OC1C(COC(C)=O)OC(*)C(OC(C)=O)C1OC(C)=O,1.155
*Oc1ccc(S(=O)(=O)c2ccc(Oc3ccc(C45CC6CC(CC(c7ccc(*)cc7)(C6)C4)C5)cc3)cc2)cc1,1.238
*Oc1ccc(S(=O)(=O)c2ccc(Oc3ccc(C4(c5ccc(*)cc5)C5CC6CC(C5)CC4C6)cc3)cc2)cc1,1.231
*Oc1ccc(S(=O)(=O)c2ccc(Oc3c(C)cc(C4CCC(C(C)(C)c5cc(C)c(*)c(C)c5)CC4C)cc3C)cc2)cc1,1.1
*Oc1ccc(SC(=O)Sc2ccc(*)cc2)cc1,1.309
*Oc1ccc(SC(=O)Oc2ccc(C(C)(C)c3ccc(OC(=O)Sc4ccc(*)cc4)cc3)cc2)cc1,1.26
*Oc1cccc(Oc2ccc(S(=O)(=O)c3ccc(*)cc3)cc2)c1,1.345
*Oc1ccccc1Oc1ccc(S(=O)(=O)c2ccc(*)cc2)cc1,1.338
*Oc1ccc(S(=O)(=O)c2ccc(Oc3ccc(S(=O)(=O)c4ccc(-c5ccc(S(=O)(=O)c6ccc(*)cc6)cc5)cc4)cc3)cc2)cc1,1.345
*Oc1ccc(Oc2ccc(S(=O)(=O)c3ccc(-c4ccc(S(=O)(=O)c5ccc(*)cc5)cc4)cc3)cc2)cc1,1.322
*Oc1c(C)cc(-c2cc(C)c(Oc3ccc(C(=O)c4ccc(*)cc4)cc3)c(C)c2)cc1C,1.136
*Oc1ccc(NC(=O)c2cc(C(=O)Nc3ccc(Oc4ccc(C(C)(C)c5ccc(*)cc5)cc4)cc3)cc(C(C)(C)C)c2)cc1,1.44
*Oc1ccc(Oc2ccc(C(=O)c3ccc(*)cc3)cc2)cc1-c1ccccc1,1.17
*Oc1ccc(C2(c3ccc(Oc4ccc(C(=O)c5ccccc5-c5ccccc5C(=O)c5ccc(*)cc5)cc4)cc3)c3ccccc3-c3ccccc32)cc1,1.219
*Oc1ccc(C(c2ccc(Oc3ccc(C(=O)c4cccc(-c5cccc(C(=O)c6ccc(*)cc6)c5)c4)cc3)cc2)(C(F)(F)F)C(F)(F)F)cc1,1.334
*Oc1ccc(C2(c3ccc(Oc4ccc(C(=O)c5cccc(-c6cccc(C(=O)c7ccc(*)cc7)c6)c5)cc4)cc3)c3ccccc3-c3ccccc32)cc1,1.22
*Oc1c(C)cc(-c2cc(C)c(Oc3ccc(C(=O)c4ccccc4-c4ccccc4C(=O)c4ccc(*)cc4)cc3)c(C)c2)cc1C,1.161
*Oc1ccc(C(=O)c2ccc(Oc3ccc(C(c4ccc(*)cc4)(C(F)(F)F)C(F)(F)F)cc3)cc2)c2ccccc12,1.121
*Oc1ccc(C(=O)c2ccc(Oc3ccc(C4(c5ccc(*)cc5)c5ccccc5-c5ccccc54)cc3)cc2)c2ccccc12,1.356
*Oc1cc(C(=O)c2ccccc2)c(Oc2ccc(*)cc2)cc1C(=O)c1ccccc1,1.294
*OC([2H])([2H])C(*)([2H])[2H],1.227
*c1sc(*)c2c1OCC(CCCCCC)O2,1.68
*/C=C/c1sc(*)c2c1OC(CCCCCC)CO2,1.24
*c1sc(*)c2c1OCCO2,1.69
*OC1C(CO)OC(*)C(N)C1O,1.128
*CCC(O*)(C(F)(F)F)C(F)(F)F,1.835
*COC1OC(*)C(O)C(O)C1O,0.98
*Oc1ccc(S(=O)(=O)c2ccc(Oc3ccc(C(=O)c4cc(Br)cc(C(=O)c5ccc(*)cc5)c4)cc3)cc2)cc1,1.417
*Oc1ccc(S(=O)(=O)c2ccc(Oc3ccc(C(=O)c4cc(I)cc(C(=O)c5ccc(*)cc5)c4)cc3)cc2)cc1,1.504
*Oc1ccc(S(=O)(=O)c2ccc(Oc3ccc(C(=O)c4cc(C(=O)c5ccc(*)cc5)cc(C(C)(C)C)c4)cc3)cc2)cc1,1.24
*Oc1ccc(C(c2ccc(Oc3ccc(C(=O)c4cccc(C(=O)c5ccc(*)cc5)c4)cc3)cc2)(C(F)(F)F)C(F)(F)F)cc1,1.359
*Oc1ccc(C(c2ccc(Oc3ccc(C(=O)c4cc(C(=O)c5ccc(*)cc5)cc(C(C)(C)C)c4)cc3)cc2)(C(F)(F)F)C(F)(F)F)cc1,1.268
*c1ccc(Oc2ccc(S(=O)(=O)c3ccc(Oc4ccc(C5(*)OC(=O)c6ccccc65)cc4C)cc3)cc2)c(C)c1,1.291
*c1cc(C)c(Oc2ccc(S(=O)(=O)c3ccc(Oc4cc(C)c(C5(*)OC(=O)c6ccccc65)cc4C)cc3)cc2)cc1C,1.23
*c1cc(C(C)C)c(Oc2ccc(S(=O)(=O)c3ccc(Oc4cc(C)c(C5(*)OC(=O)c6ccccc65)cc4C(C)C)cc3)cc2)cc1C,1.172
*Oc1ccc(S(=O)(=O)c2ccc(Oc3cc(C)c(C(c4cc(C(C)C)c(*)cc4C)c4ccccc4C(=O)O)cc3C(C)C)cc2)cc1,1.17
*Oc1ccc(S(=O)(=O)c2ccc(Oc3ccc(C(c4ccc(*)cc4)c4ccccc4C(=O)O)cc3)cc2)cc1,1.314
*Oc1ccccc1C(=O)Oc1ccc(C(C)(C)c2ccc(OC(=O)c3ccccc3Oc3nc(*)nc(N4CCOCC4)n3)cc2)cc1,1.19
*Oc1ccccc1C(=O)Oc1ccc(C2(c3ccc(OC(=O)c4ccccc4Oc4nc(*)nc(N5CCOCC5)n4)cc3)CCCCC2)cc1,1.188
*Oc1ccccc1C(=O)Oc1ccc(S(=O)(=O)c2ccc(OC(=O)c3ccccc3Oc3nc(*)nc(N4CCOCC4)n3)cc2)cc1,1.294
*Oc1ccccc1C(=O)Oc1ccc(C2(c3ccc(OC(=O)c4ccccc4Oc4nc(*)nc(N5CCOCC5)n4)cc3)OC(=O)c3ccccc32)cc1,1.233
*Oc1ccc(SSc2ccc(*)cc2)cc1,1.38
*Oc1c(C(=O)Oc2ccc(C(C)(C)c3ccc(OC(=O)c4ccc5ccccc5c4Oc4nc(*)nc(N5CCCCC5)n4)cc3)cc2)ccc2ccccc12,1.155
*Oc1c(C(=O)Oc2ccc(C3(c4ccc(OC(=O)c5ccc6ccccc6c5Oc5nc(*)nc(N6CCCCC6)n5)cc4)CCCCC3)cc2)ccc2ccccc12,1.143
*Oc1c(C(=O)Oc2ccc(C3(c4ccc(OC(=O)c5ccc6ccccc6c5Oc5nc(*)nc(N6CCCCC6)n5)cc4)OC(=O)c4ccccc43)cc2)ccc2ccccc12,1.215
*Oc1c(C(=O)Oc2cccc3c2C(=O)c2cccc(OC(=O)c4ccc5ccccc5c4Oc4nc(*)nc(N5CCCCC5)n4)c2C3=O)ccc2ccccc12,1.176
*Oc1c(C(=O)Oc2ccc(OC(=O)c3ccc4ccccc4c3Oc3nc(*)nc(N4CCCCC4)n3)c3c2C(=O)c2ccccc2C3=O)ccc2ccccc12,1.172
*Oc1c(C(=O)Oc2cccc(OC(=O)c3ccc4ccccc4c3Oc3nc(*)nc(N4CCCCC4)n3)c2)ccc2ccccc12,1.191
*Oc1c(C(=O)Oc2ccc(OC(=O)c3ccc4ccccc4c3Oc3nc(*)nc(N4CCCCC4)n3)cc2)ccc2ccccc12,1.185
*Oc1c(C(=O)Oc2ccccc2OC(=O)c2ccc3ccccc3c2Oc2nc(*)nc(N3CCCCC3)n2)ccc2ccccc12,1.2
*Oc1c(C(=O)OCCOC(=O)c2ccc3ccccc3c2Oc2nc(*)nc(N3CCCCC3)n2)ccc2ccccc12,1.119
*Oc1c(C(=O)OCCOCCOC(=O)c2ccc3ccccc3c2Oc2nc(*)nc(N3CCCCC3)n2)ccc2ccccc12,1.124
*Oc1c(C(=O)OCCOCCOCCOC(=O)c2ccc3ccccc3c2Oc2nc(*)nc(N3CCCCC3)n2)ccc2ccccc12,1.127
*Oc1ccc(S(=O)(=O)c2ccc(Oc3ccc(C(c4ccc(*)c([Si](C)(C)C)c4)(C(F)(F)F)C(F)(F)F)cc3[Si](C)(C)C)cc2)cc1,1.25
*Oc1ccc(S(=O)(=O)c2ccc(Oc3ccc(C(c4ccc(*)cc4)(C(F)(F)F)C(F)(F)F)cc3)cc2[Si](C)(C)C)c([Si](C)(C)C)c1,1.27
*Oc1ccc(S(=O)(=O)c2ccc(Oc3ccc(C(c4ccc(*)c([Si](C)(C)C)c4)(C(F)(F)F)C(F)(F)F)cc3[Si](C)(C)C)cc2[Si](C)(C)C)c([Si](C)(C)C)c1,1.16
*Oc1ccc(S(=O)(=O)c2ccc(Oc3c(C)cc(C(c4cc(C)c(*)c(C)c4)(C(F)(F)F)C(F)(F)F)cc3C)cc2[Si](C)(C)C)c([Si](C)(C)C)c1,1.2
*C(F)(F)C1(*)OC(F)(F)C(F)(C(F)(F)F)O1,2.04
*Oc1ccccc1C(=O)Oc1ccc(C(C)(C)c2ccc(OC(=O)c3ccccc3Oc3nc(*)nc(N(CC)c4ccccc4)n3)cc2)cc1,1.15
*Oc1ccccc1C(=O)Oc1ccc(C2(c3ccc(OC(=O)c4ccccc4Oc4nc(*)nc(N(CC)c5ccccc5)n4)cc3)OC(=O)c3ccccc32)cc1,1.21
*Oc1ccccc1C(=O)Oc1ccc(OC(=O)c2ccccc2Oc2nc(*)nc(N(CC)c3ccccc3)n2)c2c1C(=O)c1ccccc1C2=O,1.17
*Oc1ccccc1C(=O)Oc1cccc2c1C(=O)c1c(OC(=O)c3ccccc3Oc3nc(*)nc(N(CC)c4ccccc4)n3)cccc1C2=O,1.174
*Oc1ccccc1C(=O)Oc1ccccc1OC(=O)c1ccccc1Oc1nc(*)nc(N(CC)c2ccccc2)n1,1.2
*Oc1ccccc1C(=O)Oc1cccc(OC(=O)c2ccccc2Oc2nc(*)nc(N(CC)c3ccccc3)n2)c1,1.192
*Oc1cc(C(C)(C)C)c(Oc2ccc(C(=O)Nc3ccc(C(C)(C)c4ccc(NC(=O)c5ccc(*)cc5)cc4)cc3)cc2)cc1C(C)(C)C,1.112
*Oc1cc(C(C)(C)C)c(Oc2ccc(C(=O)Nc3ccc(C(C)(C)c4ccc(NC(=O)c5ccc(*)cc5)c(C)c4)cc3C)cc2)cc1C(C)(C)C,1.098
*Oc1cc(C(C)(C)C)c(Oc2ccc(C(=O)Nc3c(C)cc(C(C)(C)c4cc(C)c(NC(=O)c5ccc(*)cc5)c(C)c4)cc3C)cc2)cc1C(C)(C)C,1.073
*Oc1cc(C(C)(C)C)c(Oc2ccc(C(=O)Nc3c(C)cc(Cc4cc(C)c(NC(=O)c5ccc(*)cc5)c(C(C)C)c4)cc3C(C)C)cc2)cc1C(C)(C)C,1.063
*Oc1cc(C(C)(C)C)c(Oc2ccc(C(=O)Nc3ccc(C(c4ccc(NC(=O)c5ccc(*)cc5)cc4)(C(F)(F)F)C(F)(F)F)cc3)cc2)cc1C(C)(C)C,1.2
*Oc1ccccc1C(=O)Oc1ccc(C(=C(Cl)Cl)c2ccc(OC(=O)c3ccccc3Oc3nc(*)nc(N(CC)c4ccccc4)n3)cc2)cc1,1.141
*Oc1ccccc1C(=O)Oc1ccc(OC(=O)c2ccccc2Oc2nc(*)nc(N(CC)c3ccccc3)n2)cc1,1.182
*Oc1ccccc1C(=O)OCCOC(=O)c1ccccc1Oc1nc(*)nc(N(CC)c2ccccc2)n1,1.116
*Oc1ccccc1C(=O)OCCOCCOC(=O)c1ccccc1Oc1nc(*)nc(N(CC)c2ccccc2)n1,1.122
*Oc1ccccc1C(=O)OCCOCCOCCOC(=O)c1ccccc1Oc1nc(*)nc(N(CC)c2ccccc2)n1,1.125
*Oc1ccc(C(C)(C)c2ccc(Oc3nc(*)nc(Oc4ccc([N+](=O)[O-])cc4)n3)cc2)cc1,1.133
*Oc1ccc(Oc2ccc(C(=O)c3ccc(C(=O)c4ccc(*)cc4)c4ccccc34)cc2)cc1,1.3
*/C=C/c1ccc(N(C)CCOC(=O)Nc2ccc(C)c(NC(=O)OCCN(C)c3ccc(/C=C/C4=CC(=C(C#N)C#N)C=C(*)O4)s3)c2)s1,1.29
*OC(=O)Nc1ccc(C)c(NC(=O)OC2CCN(c3ccc(/C=C/C4=CC(=C(C#N)C#N)C=C(/C=C/c5ccc(N6CCC(*)CC6)s5)O4)s3)CC2)c1,1.28
*/C=C/c1ccc(/N=N/c2ccc(N(C)CCOC(=O)Nc3ccc(C)c(NC(=O)OCCN(C)c4ccc(/N=N/c5ccc(/C=C/C6=CC(=C(C#N)C#N)C=C(*)O6)cc5)cc4)c3)cc2)cc1,1.27
*Oc1cc2ccccc2cc1C(=O)Nc1ccc(C(=O)Nc2ccc(NC(=O)c3cc4ccccc4cc3Oc3nc(*)nc(Nc4ccc5ccccc5c4)n3)cc2)cc1,1.19
*Oc1cc2ccccc2cc1C(=O)Nc1ccc(S(=O)(=O)c2ccc(NC(=O)c3cc4ccccc4cc3Oc3nc(*)nc(Nc4ccc5ccccc5c4)n3)cc2)cc1,1.22
*Oc1cc2ccccc2cc1C(=O)Nc1ccc(NS(=O)(=O)c2ccc(NC(=O)c3cc4ccccc4cc3Oc3nc(*)nc(Nc4ccc5ccccc5c4)n3)cc2)cc1,1.21
*Oc1cc2ccccc2cc1C(=O)Nc1ccc(-c2ccc(NC(=O)c3cc4ccccc4cc3Oc3nc(*)nc(Nc4ccc5ccccc5c4)n3)cc2)cc1,1.19
*Oc1cc2ccccc2cc1C(=O)Nc1ccc(C)c(NC(=O)c2cc3ccccc3cc2Oc2nc(*)nc(Nc3ccc4ccccc4c3)n2)c1,1.15
*Oc1cc2ccccc2cc1C(=O)Nc1ccc(Cc2ccc(NC(=O)c3cc4ccccc4cc3Oc3nc(*)nc(Nc4ccc5ccccc5c4)n3)cc2)cc1,1.16
*Oc1cc2ccccc2cc1C(=O)Nc1ccc(NC(=O)c2cc3ccccc3cc2Oc2nc(*)nc(Nc3ccc4ccccc4c3)n2)cc1,1.19
*Oc1ccc(S(=O)(=O)c2ccc(Oc3ccc(C(C)(C)c4ccc(*)c(C(O)(C(F)(F)F)C(F)(F)F)c4)cc3C(O)(C(F)(F)F)C(F)(F)F)cc2)cc1,1.46
*Oc1ccc(S(=O)(=O)c2ccc(Oc3ccc(C(C)(C)c4ccc(*)c(C(OC)(C(F)(F)F)C(F)(F)F)c4)cc3C(OC)(C(F)(F)F)C(F)(F)F)cc2)cc1,1.39
*Oc1ccc(S(=O)(=O)c2ccc(Oc3c(C)cc(C(C)(C)c4cc(C)c(*)c(C)c4)cc3C)cc2C(O)(C(F)(F)F)C(F)(F)F)c(C(O)(C(F)(F)F)C(F)(F)F)c1,1.32
*Oc1ccc2cc(Oc3ccc(S(=O)(=O)c4ccc(*)cc4)cc3)ccc2c1,1.23
*Oc1ccc2cc(C(=O)Oc3ccc(C(C)(C)c4ccc(OC(=O)c5ccc6cc(Oc7nc(*)nc(N8CCN(C)CC8)n7)ccc6c5)cc4)cc3)ccc2c1,1.144
*Oc1ccc2cc(C(=O)Oc3ccc(S(=O)(=O)c4ccc(OC(=O)c5ccc6cc(Oc7nc(*)nc(N8CCN(C)CC8)n7)ccc6c5)cc4)cc3)ccc2c1,1.195
*Oc1ccc2cc(C(=O)Oc3ccc(OC(=O)c4ccc5cc(Oc6nc(*)nc(N7CCN(C)CC7)n6)ccc5c4)c4c3C(=O)c3ccccc3C4=O)ccc2c1,1.184
*Oc1ccc2cc(C(=O)Oc3ccc(C4(c5ccc(OC(=O)c6ccc7cc(Oc8nc(*)nc(N9CCN(C)CC9)n8)ccc7c6)cc5)OC(=O)c5ccccc54)cc3)ccc2c1,1.204
*Oc1ccc2cc(C(=O)Oc3ccccc3OC(=O)c3ccc4cc(Oc5nc(*)nc(N6CCN(C)CC6)n5)ccc4c3)ccc2c1,1.191
*Oc1ccc2cc(C(=O)Oc3cccc(OC(=O)c4ccc5cc(Oc6nc(*)nc(N7CCN(C)CC7)n6)ccc5c4)c3)ccc2c1,1.189
*Oc1ccc2cc(C(=O)OCCOC(=O)c3ccc4cc(Oc5nc(*)nc(N6CCN(C)CC6)n5)ccc4c3)ccc2c1,1.124
*Oc1ccc2cc(C(=O)Oc3ccc(C(C)(C)c4ccc(OC(=O)c5ccc6cc(Oc7nc(*)nc(N8CCN(C)CC8)n7)ccc6c5)c(C)c4)cc3C)ccc2c1,1.135
*Oc1ccc2cc(C(=O)Oc3cccc4c3C(=O)c3c(OC(=O)c5ccc6cc(Oc7nc(*)nc(N8CCN(C)CC8)n7)ccc6c5)cccc3C4=O)ccc2c1,1.188
*Oc1ccc2cc(C(=O)OCCOCCOC(=O)c3ccc4cc(Oc5nc(*)nc(N6CCN(C)CC6)n5)ccc4c3)ccc2c1,1.127
*Oc1ccc(-c2ccc(Oc3c(F)c(F)c(COC(c4cccc(C(OCc5c(F)c(F)c(*)c(F)c5F)(C(F)(F)F)C(F)(F)F)c4)(C(F)(F)F)C(F)(F)F)c(F)c3F)cc2)cc1,1.552
*Oc1c(F)c(F)c(COC(c2cccc(C(OCc3c(F)c(F)c(Oc4ccc(Cc5ccc(*)cc5)cc4)c(F)c3F)(C(F)(F)F)C(F)(F)F)c2)(C(F)(F)F)C(F)(F)F)c(F)c1F,1.548
*Oc1ccc(C(C)(C)c2ccc(Oc3c(F)c(F)c(COC(c4cccc(C(OCc5c(F)c(F)c(*)c(F)c5F)(C(F)(F)F)C(F)(F)F)c4)(C(F)(F)F)C(F)(F)F)c(F)c3F)cc2)cc1,1.535
*Oc1ccc(C(c2ccc(Oc3c(F)c(F)c(COC(c4cccc(C(OCc5c(F)c(F)c(*)c(F)c5F)(C(F)(F)F)C(F)(F)F)c4)(C(F)(F)F)C(F)(F)F)c(F)c3F)cc2)(C(F)(F)F)C(F)(F)F)cc1,1.594
*/N=[SH]/*,2.3035
*c1ccc(*)s1,1.5
*c1cc(C)c(*)s1,1.45
*c1ccc2c(c1)-c1cc(-c3nc4cc(-c5ccc6[nH]c(*)nc6c5)ccc4[nH]3)ccc1S2(=O)=O,1.018
*Cc1ccc2[nH]c(-c3ccc4c(c3)-c3cc(-c5nc6cc(*)ccc6[nH]5)ccc3S4(=O)=O)nc2c1,1.124
*c1ccc2sc3ccc(-c4nc5cc(-c6ccc7[nH]c(*)nc7c6)ccc5[nH]4)cc3c2c1,1.218
*Cc1ccc2[nH]c(-c3ccc4sc5ccc(-c6nc7cc(*)ccc7[nH]6)cc5c4c3)nc2c1,1.236
*c1cc(CCCCCCCCCCCC)c(*)s1,1.05
*c1csc(*)c1,1.4
*c1cc(CCCCCCCCCC)c(*)s1,1.02
*c1cc(CCCCCC)c(*)s1,1.125
*c1cc(CCCCCCCC)c(*)s1,1.055
*c1sc(-c2cc(CCCCCCCC)c(*)s2)cc1CCCCCCCC,1.32
*c1ccc(-c2sc(-c3cc(CCCCCCCC)c(*)s3)cc2CCCCCCCC)s1,1.09
*c1cc(CCCC)c(*)s1,1.025
*/C=C/c1cc(OCCCCCCCCCCCC)c(*)s1,1.17
*/C=C/c1sc(*)c(OCCCCCCCCCCCC)c1OCCCCCCCCCCCC,1.28
*c1ccc(-c2ccc(-c3ccc(*)s3)s2)[nH]1,1.55
*NCc1cc(C(=O)O)cc(CNc2nc(-c3csc(*)n3)cs2)c1N,1.56
*c1ccc(-c2ccc(*)n2C#Cc2ccc(CCCCCC)cc2)s1,1.23
*c1ccc(Sc2ccc(S(*)(=O)=O)cc2S(=O)(=O)O[Na])c(S(=O)(=O)O[Na])c1,1.66
*c1cc(OCCCCCCCCCC)c(-c2sc(-c3cc(/C=C/c4ccccc4)c(*)s3)cc2OCCCCCCCCCC)s1,0.23
*NCc1cc(S(=O)(=O)O)cc(CNc2nc(-c3csc(*)n3)cs2)c1N,1.58
*Oc1ccc(C2(c3ccc(OC(=O)c4cccc(C(*)=O)c4)cc3)c3ccccc3C(=O)c3ccccc32)cc1,1.267
*Oc1ccc(C(C)(c2ccccc2)c2ccc(OC(=O)c3cccc(C(*)=O)c3)cc2)cc1,1.2289
*Oc1ccc(C(c2ccccc2)(c2ccccc2)c2ccc(OC(=O)c3cccc(C(*)=O)c3)cc2)cc1,1.221
*Oc1ccc(C(C)(C)c2ccc(OC(=O)c3ccc(C(=O)c4ccc(C(*)=O)cc4)cc3)cc2)cc1,1.231
*CCCCCC(=O)NCCOC(=O)CCCCC(=O)O*,1.155
*CCCCCC(=O)NCCOC(=O)c1ccc(C(=O)O*)cc1,1.1715
*CCCCCC(=O)NCCNC(=O)CCCCCOC(=O)CCCCC(=O)O*,1.175
*CCCCCC(=O)NCCNC(=O)CCCCCOC(=O)c1ccc(C(=O)O*)cc1,1.214
*CCCCCC(=O)NCCCCCCNC(=O)CCCCCOC(=O)c1ccc(C(=O)O*)cc1,1.147
*CCCCCC(=O)Nc1ccc(NC(=O)CCCCCOC(=O)c2ccc(C(=O)O*)cc2)cc1,1.1565
*CCCCCC(=O)Nc1ccc(NC(=O)CCCCCOC(=O)CCCCC(=O)O*)cc1,1.12
*CC(C)(CC)COC(=O)CCCCCCCCC(=O)O*,1.457
*Oc1ccc(/C(C)=C/c2ccc(OC(=O)CCCCCCCCCCC(*)=O)cc2)cc1,1.19
*Oc1ccc2cc(OC(=O)c3ccc(NC(=O)c4ccc(C(*)=O)cc4)cc3)ccc2c1,1.26
*Oc1ccc(S(=O)(=O)c2ccc(OC(=O)c3ccc(NC(=O)c4ccc(C(*)=O)cc4)cc3)cc2)cc1,1.36
*Oc1ccc(C(C)(C)c2ccc(OC(=O)c3ccc(NC(=O)c4ccc(C(*)=O)cc4)cc3)cc2)cc1,1.21
*Oc1ccc(OC(=O)c2ccc(NC(=O)c3ccc(C(*)=O)cc3)cc2)cc1,1.26
*Oc1cccc(OC(=O)c2ccc(NC(=O)c3ccc(C(*)=O)cc3)cc2)c1,1.13
*Oc1ccc(-c2ccc(OC(=O)c3ccc(C(*)=O)cc3)cc2)cc1,1.4
*CC(C)(CC)COC(=O)c1ccc(C(=O)O*)cc1,1.193
*Oc1ccc(-c2ccc(OC(=O)c3ccc(-c4ccc(C(*)=O)cc4)cc3)cc2)cc1,1.42
*Oc1ccc(C(=O)OCCCCCCCCCCOC(=O)c2ccc(OC(=O)c3ccc(C(*)=O)cc3)cc2)cc1,1.2505
*Oc1ccc2cc(C(*)=O)ccc2c1,1.43
*Oc1ccc(C(=O)OCCCCOC(=O)c2ccc(OC(=O)c3ccc(C(*)=O)cc3)cc2)cc1,1.29
*Oc1ccc(-c2ccc(C(*)=O)cc2)cc1-c1ccccc1,1.429
*Oc1ccc2cc(C(*)=O)ccc2c1-c1ccccc1,1.3
*Oc1ccc(C(*)=O)cc1CCC,1.245
*Oc1ccc(C(*)=O)cc1CCCCC,1.155
*Oc1ccc(C(*)=O)cc1CCCCCC,1.155
*Oc1ccc(C(*)=O)cc1CCCCCCCCCC,1.155
*Oc1ccc(C(*)=O)cc1CCCCCCCCCCCC,1.155
*Oc1ccc(C(*)=O)cc1CCCCCCCCCCCCCC,1.155
*Oc1ccc(C(*)=O)cc1CCCCCCCCCCCCCCCC,1.155
*Oc1ccc(C(*)=O)cc1CCCCCCCCCCCCCCCCCC,1.155
*C(=O)OCCOC(=O)c1ccc(C(=O)OCCOC(=O)N2CCN(*)CC2)cc1,1.32
*c1cc(Br)c(OC(=O)c2ccc(C(=O)Oc3c(Br)cc(C4(*)OC(=O)c5ccccc54)cc3Br)cc2)c(Br)c1,1.75
*CCCCCCS(=O)(=O)c1ccc(/N=N/c2ccc(N(C)CCCCCC(=O)O*)cc2)cc1,1.18
*CCCS(=O)(=O)c1ccc(/N=N/c2ccc(N(CCCC)CC(=O)O*)cc2)cc1,1.2
*Cc1ccc(-c2ccc(CSC(=O)CCCCCCCCC(=O)S*)cc2)cc1,1.118
*Cc1ccc(-c2ccc(CSC(=O)c3cccc(C(=O)S*)c3)cc2)cc1,1.26
*Cc1ccc(-c2ccc(CSC(=O)c3ccc(C(=O)S*)cc3)cc2)cc1,1.273
*Oc1c(C)cc(C2CCC(C(C)(C)c3cc(C)c(OC(=O)c4ccc(C(*)=O)cc4)c(C)c3)CC2C)cc1C,1.05
*Sc1ccc(-c2ccc(SC(=O)CCCCCCCCC(*)=O)cc2)cc1,1.263
*Oc1ccc2c(c1)C1(CC2(C)C)CC(C)(C)c2ccc(OC(=O)c3ccc(C(*)=O)cc3)cc21,1.126
*Oc1ccc2c(c1)C1(CC2(C)C)CC(C)(C)c2ccc(OC(=O)c3cccc(C(*)=O)c3)cc21,1.132
*c1ccc(OC(=O)c2ccc(C(=O)Oc3ccc(C4(*)OC(=O)c5ccccc54)cc3C)cc2)c(C)c1,1.251
*Oc1ccc(-c2ccc(OC(=O)c3cc(C(=O)OCCCCCC)c(C(*)=O)cc3C(=O)OCCCCCC)cc2)cc1,1.19
*Oc1ccc(-c2ccc(OC(=O)c3cc(C(=O)OCCCCCCCCCC)c(C(*)=O)cc3C(=O)OCCCCCCCCCC)cc2)cc1,1.13
*Oc1ccc(-c2ccc(OC(=O)c3cc(C(=O)OCCCCCCCCCCCCCC)c(C(*)=O)cc3C(=O)OCCCCCCCCCCCCCC)cc2)cc1,1.09
*Oc1ccc(-c2ccc(OC(=O)c3cc(C(=O)OCCCCCCCCCCCCCCCCCC)c(C(*)=O)cc3C(=O)OCCCCCCCCCCCCCCCCCC)cc2)cc1,1.07
*Oc1ccc(OC(=O)c2cc(OCCCCCCCCCCC(F)(F)C(F)(F)C(F)(F)C(F)(F)C(F)(F)C(F)(F)C(F)(F)C(F)(F)C(F)(F)C(F)(F)F)cc(C(*)=O)c2)cc1,1.525
*CCOC(=O)NCC1(C)CC(NC(=O)O*)CC(C)(C)C1,1.2
*Oc1ccc(C(C)(C)c2ccc(OC(=O)c3ccccc3/C=C/c3ccc(/C=C/c4ccccc4C(*)=O)cc3)cc2)cc1,1.128
*Oc1ccc(C(C)(C)c2ccc(OC(=O)c3ccccc3/C=C/c3ccc(/C=C/c4ccccc4C(*)=O)cc3)c(C)c2)cc1C,1.112
*Oc1ccc(S(=O)(=O)c2ccc(OC(=O)c3ccccc3/C=C/c3ccc(/C=C/c4ccccc4C(*)=O)cc3)cc2)cc1,1.298
*c1ccc(OC(=O)c2ccccc2/C=C/c2ccc(/C=C/c3ccccc3C(=O)Oc3ccc(C4(*)OC(=O)c5ccccc54)cc3)cc2)cc1,1.196
*Oc1cccc2c(OC(=O)c3ccccc3/C=C/c3ccc(/C=C/c4ccccc4C(*)=O)cc3)cccc12,1.213
*Oc1cccc2ccc(OC(=O)c3ccccc3/C=C/c3ccc(/C=C/c4ccccc4C(*)=O)cc3)cc12,1.216
*Oc1ccc2ccc(OC(=O)c3ccccc3/C=C/c3ccc(/C=C/c4ccccc4C(*)=O)cc3)cc2c1,1.225
*Oc1cccc(OC(=O)c2ccccc2/C=C/c2ccc(/C=C/c3ccccc3C(*)=O)cc2)c1,1.185
*Oc1ccccc1OC(=O)c1ccccc1/C=C/c1ccc(/C=C/c2ccccc2C(*)=O)cc1,1.187
*Oc1ccc(OC(=O)c2ccccc2/C=C/c2ccc(/C=C/c3ccccc3C(*)=O)cc2)cc1,1.184
*CCN(CCOC(=O)c1ccc(C(=O)O*)c(OC)c1)c1ccc(/N=N/c2ccc(-c3nc4ccc([N+](=O)[O-])cc4n3CC)cc2)cc1,1.31
*CCN(CCOC(=O)c1ccc(C(=O)O*)c(OC)c1)c1ccc(/N=N/c2ccc(/C=C/c3nc4ccc([N+](=O)[O-])cc4n3CC)cc2)cc1,1.29
*NNC(=O)c1cccc(C(*)=O)c1,1.443
*NNC(=O)c1cccc(C(=O)NNC(=O)c2ccc(C(*)=O)cc2)c1,1.45
*CCCP(CCCCCCCC)CCCNC(=O)CCCCC(=O)N*,1.08
*C(=O)CC/C=C/CCC(=O)N1CCN(*)CC1,1.255
*Nc1ccc(Cc2ccc(NC(=O)c3cc(C(=O)O)c(C(*)=O)cc3C(=O)O)cc2)cc1,1.2705
*NC(CC(*)=O)C(=O)OCC(C)C,1.175
*NC(CCC(=O)O[Na])C(*)=O,1.36
*NC(C)(C)C(*)=O,1.057
*NC(CCC(=O)OCCCCCCCCCC)C(*)=O,1.03
*NC(CCC(=O)OCCCCCCCCCCCC)C(*)=O,1.02
*NC(CCC(=O)OCCCCCCCCCCCCCC)C(*)=O,1.0205
*NC(CCC(=O)OCCCCCCCCCCCCCCCC)C(*)=O,1.048
*NC(CCC(=O)OCCCCCCCCCCCCCCCCCC)C(*)=O,1.052
*NC(Cc1c[nH]cn1)C(*)=O,1.495
*NC(=O)c1ccc(C(=O)Nc2ccc3c(c2)[nH]c(=O)c2cc(*)ccc23)cc1,1.49
*CCC(C)CCC(=O)N*,1.08
*CCCP(CCCNC(=O)CCCCCCCCC(=O)N*)c1ccccc1,1.102
*CCCP(CCCNC(=O)C(=O)N*)c1ccccc1,1.208
*CCCP(CCCCCCCC)CCCNC(=O)C(=O)N*,1.086
*C(=O)N(*)CCCCCC,1.005
*NC(CCC(*)=O)C(=O)OCc1ccccc1,1.225
*NC(CCC(*)=O)C(=O)OC,1.16
*NC(CCCNC(=O)c1ccccc1)C(*)=O,1.26
*NC(CCCNC(=O)c1ccc(F)cc1)C(*)=O,1.24
*NC(CCCNC(=O)c1ccc(Cl)cc1)C(*)=O,1.325
*NC(CCCNC(=O)c1ccc(Br)cc1)C(*)=O,1.53
*Nc1cc(NC(=O)c2ccc(C(*)=O)cc2)ccc1C,1.304
*CCCCC(=O)NCCCCCCC(=O)NCCC(=O)N*,1.23
*CCCCCCC(=O)NCCCCC(=O)NCCC(=O)N*,1.24
*NC(CC(=O)OCc1ccc(C)cc1)C(*)=O,1.29
*CCCCCCCCCCCC(=O)NCC(=O)N*,1.109
*CNC(=O)CCCCCC(=O)N*,1.235
*CNC(=O)CCCC(=O)N*,1.335
*CNC(=O)CCCCCCC(=O)N*,1.245
*CNC(=O)CCCCCCCCCCC(=O)N*,1.14
*CCCCNC(=O)CC(=O)N*,1.324
*CCCCCCNC(=O)CC(=O)N*,1.1785
*CCCCCCCCNC(=O)CC(=O)N*,1.152
*CCCCCCCCCNC(=O)CC(=O)N*,1.159
*CCCCCCCCCCCCNC(=O)CC(=O)N*,1.084
*NC(CC(*)=O)C(=O)OC,1.36
*NC(CC(*)=O)C(=O)OCC,1.26
*NC(CC(*)=O)C(=O)OCCCC,1.175
*NC(CC(*)=O)C(=O)OCCCCCC,1.07
*NC(CC(*)=O)C(=O)OCCCCCCCC,1.06
*NC(CC(*)=O)C(=O)OCCCCCCCCCCCC,0.99
*NC(CC(*)=O)C(=O)OCCCCCCCCCCCCCCCCCC,1.03
*NC(C)C(=O)NCCCCCCCCCCC(*)=O,1.0805
*CCCCCCCCNC(=O)CCC(=O)N*,1.21
*CCCCCCCCCCNC(=O)CCC(=O)N*,1.19
*CCCCCCCCCCCCNC(=O)CCC(=O)N*,1.17
*NC(CC(=O)OCCCc1ccccc1)C(*)=O,1.24
*CCNC(=O)C(OC)C(OC)C(=O)N*,1.295
*CCCCNC(=O)C(OC)C(OC)C(=O)N*,1.235
*CCCCCCNC(=O)C(OC)C(OC)C(=O)N*,1.16
*CCCCCCCCNC(=O)C(OC)C(OC)C(=O)N*,1.18
*CCCCCCCCCCN(C)C(=O)CCCCCCCCC(=O)N(*)C,1.02
*NC(CC(*)=O)C(=O)OCCCCCCCCCCCCCCCCCCCCCC,1.01
*NC(CCCCSC)C(*)=O,1.26
*Nc1cccc(/C=C/C(=O)/C=C/c2cccc(NC(=O)/C=C/C(*)=O)c2)c1,1.16
*Nc1cccc(/C=C/C(=O)/C=C/c2cccc(NC(=O)c3cccc(C(*)=O)c3)c2)c1,1.21
*Nc1cccc(/C=C/C(=O)/C=C/c2cccc(NC(=O)c3ccc(C(*)=O)cc3)c2)c1,1.22
*CCCCCCCCCCCCNC(=O)CCCCCCCCCCCCC(=O)N*,1.02
*Nc1ccc(C2(c3ccc(NC(=O)c4ccc(C(*)=O)cc4)cc3)c3ccccc3-c3ccccc32)cc1,1.2408
*Nc1ccc(C2(c3ccc(NC(=O)c4cccc(C(*)=O)c4)cc3)c3ccccc3-c3ccccc32)cc1,1.2422
*Nc1ccc(C2(c3ccc(NC(=O)c4cc(C(*)=O)cc(C(C)(C)C)c4)cc3)c3ccccc3-c3ccccc32)cc1,1.1756
*Nc1ccc(C(c2ccc(NC(=O)c3ccc(C(*)=O)cc3)cc2)(C(F)(F)F)C(F)(F)F)cc1,1.4129
*Nc1ccc(C(c2ccc(NC(=O)c3cccc(C(*)=O)c3)cc2)(C(F)(F)F)C(F)(F)F)cc1,1.4077
*Nc1ccc(C(c2ccc(NC(=O)c3cc(C(*)=O)cc(C(C)(C)C)c3)cc2)(C(F)(F)F)C(F)(F)F)cc1,1.30065
*Nc1ccc(C(=O)c2ccc(NC(=O)c3cccc(C(*)=O)c3)cc2)cc1,1.3225
*Nc1ccc(C(=O)c2ccc(NC(=O)c3cc(C(*)=O)cc(C(C)(C)C)c3)cc2)cc1,1.2178
*CCN(CCOC(=O)Nc1ccc(C)c(NC(=O)O*)c1)c1ccc(/N=N/c2ccc(-c3nc4ccc([N+](=O)[O-])cc4n3CC)cc2)cc1,1.24
*CCN(CCOC(=O)Nc1ccc(C)c(NC(=O)O*)c1)c1ccc(/N=N/c2ccc(/C=C/c3nc4ccc([N+](=O)[O-])cc4n3CC)cc2)cc1,1.22
*CCCP(CCCNC(=O)N*)c1ccccc1,1.174
*OC(=O)OCCOC(=O)NC(=O)NNC(=O)NC(=O)OCCOC(=O)OC1CC2CC(*)CC(C1)O2,1.21
*CCCCCCCCCN1C(=O)c2ccc(Oc3ccc4c(c3)C(=O)N(*)C4=O)cc2C1=O,1.27
*CCCCCCCCCCN1C(=O)c2ccc(Oc3ccc4c(c3)C(=O)N(*)C4=O)cc2C1=O,1.25
*CCCCCCCCCCCCN1C(=O)c2ccc(Oc3ccc4c(c3)C(=O)N(*)C4=O)cc2C1=O,1.23
*C(=O)Oc1ccc(OC(=O)c2ccc3c(c2)C(=O)N(c2ccc(NC(=O)c4cccc(C(=O)Nc5ccc(N6C(=O)c7ccc(*)cc7C6=O)cc5)c4)cc2)C3=O)cc1,1.5
*c1ccc(Oc2cccc(Oc3ccc(N4C(=O)c5ccc(-c6ccc7c(c6)C(=O)N(*)C7=O)cc5C4=O)cc3)c2)cc1,1.3885
*c1ccc(Oc2ccc(N3C(=O)C4CC5C(=O)N(*)C(=O)C5C4C3=O)cc2)cc1,1.38
*c1ccc2c(c1)C(=O)N(c1cccc3c(N4C(=O)c5ccc(C(*)(C(F)(F)F)C(F)(F)F)cc5C4=O)cccc13)C2=O,1.426
*c1ccc2c(c1)C(=O)N(c1cccc(N3C(=O)c4ccc(C(*)(C(F)(F)F)C(F)(F)F)cc4C3=O)c1)C2=O,1.474
*c1ccc2c(c1)C(=O)N(c1cccc(S(=O)(=O)c3cccc(N4C(=O)c5ccc(C(*)(C(F)(F)F)C(F)(F)F)cc5C4=O)c3)c1)C2=O,1.4865
*C(=O)Nc1ccc(Oc2ccc(N3C(=O)c4ccc(*)cc4C3=O)cc2)cc1,1.413
*c1ccc(S(=O)(=O)c2ccc(-n3c(=O)c4cc5c(=O)n(*)c(=O)c5cc4c3=O)cc2)cc1,1.43
*CCCCCCCCCCCCCn1c(=O)c2cc3c(=O)n(*)c(=O)c3cc2c1=O,1.398
*c1ccc(Oc2cccc(-n3c(=O)c4cc5c(=O)n(*)c(=O)c5cc4c3=O)c2)cc1,1.5
*c1ccc(-c2ccc(N3C(=O)c4ccc(-c5ccc6c(c5)C(=O)N(*)C6=O)cc4C3=O)cc2C(F)(F)F)c(C(F)(F)F)c1,1.5
*C(=O)c1ccc2c(c1)C(=O)N(c1ccc(OCC(C)(C)COc3ccc(N4C(=O)c5ccc(*)cc5C4=O)cc3)cc1)C2=O,1.4
*C(=O)Oc1ccc(C(C)(C)c2ccc(OC(=O)c3ccc4c(c3)C(=O)N(c3ccc(-c5ccc(N6C(=O)c7ccc(*)cc7C6=O)c(C)c5)cc3C)C4=O)cc2)cc1,1.281
*C(=O)Oc1ccc(C(C)(C)c2ccc(OC(=O)c3ccc4c(c3)C(=O)N(c3ccc(Oc5ccc(N6C(=O)c7ccc(*)cc7C6=O)cc5)cc3)C4=O)cc2)cc1,1.341
*C(=O)Oc1ccc(C(C)(C)c2ccc(OC(=O)c3ccc4c(c3)C(=O)N(c3ccc(Cc5ccc(N6C(=O)c7ccc(*)cc7C6=O)cc5)cc3)C4=O)cc2)cc1,1.324
*C(=O)Oc1ccc(C(C)(C)c2ccc(OC(=O)c3ccc4c(c3)C(=O)N(c3ccc(-c5ccc(N6C(=O)c7ccc(*)cc7C6=O)cc5)cc3)C4=O)cc2)cc1,1.355
*c1ccc2c(c1)C(=O)N(c1ccc3c(c1)-c1cc(N4C(=O)c5ccc(C(*)(C(F)(F)F)C(F)(F)F)cc5C4=O)ccc1C3)C2=O,1.423
*CC(=O)Nc1ccc(NC(=O)c2ccc3c(c2)C(=O)N(*)C3=O)cc1,1.397
*CC(=O)Nc1ccc(Cc2ccc(NC(=O)c3ccc4c(c3)C(=O)N(*)C4=O)cc2)cc1,1.2891
*CC(=O)Nc1ccc(S(=O)(=O)c2ccc(NC(=O)c3ccc4c(c3)C(=O)N(*)C4=O)cc2)cc1,1.329
*CC(=O)Nc1ccc(Oc2ccc(NC(=O)c3ccc4c(c3)C(=O)N(*)C4=O)cc2)cc1,1.362
*CC(=O)Nc1ccc(Oc2ccc(Oc3ccc(NC(=O)c4ccc5c(c4)C(=O)N(*)C5=O)cc3)cc2)cc1,1.33125
*CC(=O)Nc1ccc(Oc2cccc(Oc3ccc(NC(=O)c4ccc5c(c4)C(=O)N(*)C5=O)cc3)c2)cc1,1.338
*C(=O)Nc1ccc(NC(=O)c2ccc(N3C(=O)c4ccc(*)cc4C3=O)cc2)cc1,1.397
*C(=O)Nc1ccc(Oc2ccc(NC(=O)c3ccc(N4C(=O)c5ccc(*)cc5C4=O)cc3)cc2)cc1,1.37
*c1ccc(Oc2ccc(C(c3ccc(Oc4ccc(N5C(=O)c6ccc(Oc7ccc8c(c7)C(=O)N(*)C8=O)cc6C5=O)cc4)cc3)(C(F)(F)F)C(F)(F)F)cc2)cc1,1.385
*c1ccc2c(c1)C(=O)N(c1ccc3c(c1)Cc1cc(N4C(=O)c5ccc(C(*)(C(F)(F)F)C(F)(F)F)cc5C4=O)ccc1-3)C2=O,1.423
*c1ccc2c(c1)C(=O)N(c1cccc(C(c3cccc(N4C(=O)c5ccc(C(*)(C(F)(F)F)C(F)(F)F)cc5C4=O)c3)(C(F)(F)F)C(F)(F)F)c1)C2=O,1.463
*C(=O)Nc1ccc(Cc2ccc(N3C(=O)c4ccc(*)cc4C3=O)cc2)cc1,1.344
*c1ccc2c(c1)C(=O)N(c1ccc(OCCOc3ccc(N4C(=O)c5ccc(C(*)(C(F)(F)F)C(F)(F)F)cc5C4=O)cc3)cc1)C2=O,1.4034
*c1ccc2c(c1)C(=O)N(c1ccc(OCCOCCOc3ccc(N4C(=O)c5ccc(C(*)(C(F)(F)F)C(F)(F)F)cc5C4=O)cc3)cc1)C2=O,1.4176
*c1ccc2c(c1)C(=O)N(c1ccc(OCCOCCOCCOc3ccc(N4C(=O)c5ccc(C(*)(C(F)(F)F)C(F)(F)F)cc5C4=O)cc3)cc1)C2=O,1.4365
*c1ccc(-c2ccc(-n3c(=O)c4cc5c(=O)n(*)c(=O)c5cc4c3=O)cc2C(F)(F)F)c(C(F)(F)F)c1,1.49
*c1ccc(-c2ccc(-n3c(=O)c4cc5c(=O)n(*)c(=O)c5cc4c3=O)cc2C)c(C)c1,1.34
*c1ccc2c(c1)C(=O)N(c1cccc(N3C(=O)c4ccc(C(*)(C(F)(F)F)C(F)(F)F)cc4C3=O)c1C)C2=O,1.418
*c1c(C)cc(C)c(N2C(=O)c3ccc(-c4ccc5c(c4)C(=O)N(*)C5=O)cc3C2=O)c1C,1.241
*C(=O)c1ccc2c(c1)C(=O)N(c1cc(C(=O)O)cc(N3C(=O)c4ccc(*)cc4C3=O)c1)C2=O,1.446
*C(=O)c1ccc2c(c1)C(=O)N(c1cc(N3C(=O)c4ccc(*)cc4C3=O)cc(C(F)(F)F)c1)C2=O,1.458
*c1ccc(S(=O)(=O)c2ccc(N3C(=O)c4ccc(-c5ccc6c(c5)C(=O)N(*)C6=O)cc4C3=O)cc2)cc1,1.4105
*CCCCCCN1C(=O)c2ccc(C(c3ccc4c(c3)C(=O)N(*)C4=O)(C(F)(F)F)C(F)(F)F)cc2C1=O,1.424
*c1ccc2c(c1)C(=O)N(c1ccc(Cc3ccc(N4C(=O)c5ccc(C(*)(C(F)(F)F)C(F)(F)F)cc5C4=O)c(C(C)(C)C)c3)cc1C(C)(C)C)C2=O,1.21
*c1ccc2c(c1)C(=O)N(c1ccc(Cc3ccc(N4C(=O)c5ccc(C(*)(C(F)(F)F)C(F)(F)F)cc5C4=O)c(C(F)(F)F)c3)cc1C(F)(F)F)C2=O,1.37
*c1ccc2c(c1)C(=O)N(c1c(C)cc(Cc3cc(C)c(N4C(=O)c5ccc(C(*)(C(F)(F)F)C(F)(F)F)cc5C4=O)c(C)c3)cc1C)C2=O,1.4
*c1ccc2c(c1)C(=O)N(c1c(CC)cc(Cc3cc(CC)c(N4C(=O)c5ccc(C(*)(C(F)(F)F)C(F)(F)F)cc5C4=O)c(CC)c3)cc1CC)C2=O,1.29
*c1ccc2c(c1)C(=O)N(c1c(C)cc(Cc3cc(C)c(N4C(=O)c5ccc(C(*)(C(F)(F)F)C(F)(F)F)cc5C4=O)c(C(C)C)c3)cc1C(C)C)C2=O,1.27
*c1ccc2c(c1)C(=O)N(c1c(C)cc(C(c3ccccc3)(c3cc(C)c(N4C(=O)c5ccc(C(*)(C(F)(F)F)C(F)(F)F)cc5C4=O)c(C(C)C)c3)C(F)(F)F)cc1C(C)C)C2=O,1.2
*c1ccc2c(c1)C(=O)N(c1c(C(C)C)cc(C(c3ccccc3)(c3cc(C(C)C)c(N4C(=O)c5ccc(C(*)(C(F)(F)F)C(F)(F)F)cc5C4=O)c(C(C)C)c3)C(F)(F)F)cc1C(C)C)C2=O,1.18
*c1ccc2c(c1)C(=O)N(c1ccc(C3(c4ccc(N5C(=O)c6ccc(C(*)(C(F)(F)F)C(F)(F)F)cc6C5=O)cc4)c4ccccc4-c4ccccc43)cc1)C2=O,1.31
*c1ccc2c(c1)C(=O)N(c1ccc(C3(c4ccc(N5C(=O)c6ccc(C(*)(C(F)(F)F)C(F)(F)F)cc6C5=O)c(F)c4)c4ccccc4-c4ccccc43)cc1F)C2=O,1.29
*c1ccc2c(c1)C(=O)N(c1ccc(C3(c4ccc(N5C(=O)c6ccc(C(*)(C(F)(F)F)C(F)(F)F)cc6C5=O)c(C(C)C)c4)c4ccccc4-c4ccccc43)cc1C(C)C)C2=O,1.2
*c1ccc2c(c1)C(=O)N(c1c(C)cc(C3(c4cc(C)c(N5C(=O)c6ccc(C(*)(C(F)(F)F)C(F)(F)F)cc6C5=O)c(C)c4)c4ccccc4-c4ccccc43)cc1C)C2=O,1.24
*c1ccc2c(c1)C(=O)N(c1c(C)cc(C3(c4cc(C)c(N5C(=O)c6ccc(C(*)(C(F)(F)F)C(F)(F)F)cc6C5=O)c(C(C)C)c4)c4ccccc4-c4ccccc43)cc1C(C)C)C2=O,1.18
*c1ccc2c(c1)C(=O)N(c1c(C)cc(-c3cc(C)c(N4C(=O)c5ccc(C(*)(C(F)(F)F)C(F)(F)F)cc5C4=O)c(C)c3)cc1C)C2=O,1.325
*c1ccc2c(c1)C(=O)N(c1c(C(C)C)cc(Cc3cc(C(C)C)c(N4C(=O)c5ccc(C(*)(C(F)(F)F)C(F)(F)F)cc5C4=O)c(C(C)C)c3)cc1C(C)C)C2=O,1.2
*c1ccc2c(c1)C(=O)N(c1cc(N3C(=O)c4ccc(C(*)(C(F)(F)F)C(F)(F)F)cc4C3=O)ccc1C)C2=O,1.4268
*c1ccc2c(c1)C(=O)N(c1cc(N3C(=O)c4ccc(C(*)(C(F)(F)F)C(F)(F)F)cc4C3=O)cc(C(F)(F)F)c1)C2=O,1.512
*c1ccc2c(c1)C(=O)N(c1ccc(S(=O)(=O)c3ccc(N4C(=O)c5ccc(C(*)(C(F)(F)F)C(F)(F)F)cc5C4=O)cc3)cc1)C2=O,1.4738
*c1ccc2c(c1)C(=O)N(c1ccc(-c3ccc(N4C(=O)c5ccc(C(*)(C(F)(F)F)C(F)(F)F)cc5C4=O)c(O)c3)cc1O)C2=O,1.46
*c1cc(C(c2ccc(O)c(-n3c(=O)c4cc5c(=O)n(*)c(=O)c5cc4c3=O)c2)(C(F)(F)F)C(F)(F)F)ccc1O,1.54
*c1c(C)cc(-c2cc(C)c(-n3c(=O)c4cc5c(=O)n(*)c(=O)c5cc4c3=O)c(C)c2)cc1C,1.289
*c1c(C)cc(-c2cc(C)c(N3C(=O)c4ccc(-c5ccc6c(c5)C(=O)N(*)C6=O)cc4C3=O)c(C)c2)cc1C,1.266
*c1cc(C)c(-c2c(C)cc(-n3c(=O)c4cc5c(=O)n(*)c(=O)c5cc4c3=O)cc2C)c(C)c1,1.323
*c1cc(C)c(-c2c(C)cc(N3C(=O)c4ccc(-c5ccc6c(c5)C(=O)N(*)C6=O)cc4C3=O)cc2C)c(C)c1,1.263
*c1ccc2c(c1)C(=O)N(c1cc(C)c(-c3c(C)cc(N4C(=O)c5ccc(C(*)(C(F)(F)F)C(F)(F)F)cc5C4=O)cc3C)c(C)c1)C2=O,1.355
*c1ccc2c(c1)C(=O)N(c1ccc(C(c3ccc(C)c(N4C(=O)c5ccc(C(*)(C(F)(F)F)C(F)(F)F)cc5C4=O)c3)(C(F)(F)F)C(F)(F)F)cc1C)C2=O,1.422
*CCCCCCCCCCCN1C(=O)c2ccc(-c3ccc(-c4ccc5c(c4)C(=O)N(*)C5=O)cc3)cc2C1=O,1.265
*c1ccc(-c2ccc(N3C(=O)c4ccc(Oc5ccc(Oc6ccc7c(c6)C(=O)N(*)C7=O)cc5)cc4C3=O)cc2)cc1,1.375
*c1ccc(-c2ccc(N3C(=O)c4ccc(Oc5ccc(Oc6ccc7c(c6)C(=O)N(*)C7=O)cc5)cc4C3=O)c(OC)c2)cc1OC,1.29
*c1ccc(C(=O)c2ccc(N3C(=O)c4ccc(Oc5ccc(Oc6ccc7c(c6)C(=O)N(*)C7=O)cc5)cc4C3=O)cc2)cc1,1.368
*c1ccc(Cc2ccc(N3C(=O)c4ccc(Oc5ccc(Oc6ccc7c(c6)C(=O)N(*)C7=O)cc5)cc4C3=O)cc2)cc1,1.356
*c1ccc(S(=O)(=O)c2ccc(N3C(=O)c4ccc(Oc5ccc(Oc6ccc7c(c6)C(=O)N(*)C7=O)cc5)cc4C3=O)cc2)cc1,1.4
*c1ccc(C(C)(C)c2ccc(N3C(=O)c4ccc(Oc5ccc(Oc6ccc7c(c6)C(=O)N(*)C7=O)cc5)cc4C3=O)cc2)cc1,1.298
*c1ccc(Cc2ccc(N3C(=O)c4ccc(Oc5ccc(Oc6ccc7c(c6)C(=O)N(*)C7=O)cc5)cc4C3=O)c(OC)c2)cc1OC,1.321
*c1ccc(-c2ccc(N3C(=O)c4ccc(Oc5ccc6c(c5)C(=O)N(*)C6=O)cc4C3=O)cc2C(F)(F)F)c(C(F)(F)F)c1,1.36
*c1cccc(Oc2cccc(-n3c(=O)c4cc5c(=O)n(*)c(=O)c5cc4c3=O)c2)c1,1.414
*c1cccc(Oc2ccc(C(c3ccc(Oc4cccc(-n5c(=O)c6cc7c(=O)n(*)c(=O)c7cc6c5=O)c4)cc3)(C(F)(F)F)C(F)(F)F)cc2)c1,1.417
*c1ccc2c(c1)C(=O)N(c1cccc(Oc3ccc(C(c4ccc(Oc5cccc(N6C(=O)c7ccc(C(*)(C(F)(F)F)C(F)(F)F)cc7C6=O)c5)cc4)(C(F)(F)F)C(F)(F)F)cc3)c1)C2=O,1.446
*c1ccc2c(c1)C(=O)N(c1ccc(Oc3ccc(-c4ccc(Oc5ccc(N6C(=O)c7ccc(C(*)(C(F)(F)F)C(F)(F)F)cc7C6=O)cc5)cc4)cc3)cc1)C2=O,1.371
*c1ccc(Oc2ccc(N3C(=O)c4ccc(Sc5ccc6c(c5)C(=O)N(*)C6=O)cc4C3=O)cc2)cc1,1.383
*c1ccc(Oc2ccc(N3C(=O)c4ccc(S(=O)(=O)c5ccc6c(c5)C(=O)N(*)C6=O)cc4C3=O)cc2)cc1,1.407
*c1ccc(Oc2ccc(N3C(=O)c4ccc([Si](C)(C)c5ccc6c(c5)C(=O)N(*)C6=O)cc4C3=O)cc2)cc1,1.286
*c1ccc(Cc2ccc(N3C(=O)c4ccc(Sc5ccc6c(c5)C(=O)N(*)C6=O)cc4C3=O)cc2)cc1,1.343
*c1ccc(Cc2ccc(N3C(=O)c4ccc(S(=O)(=O)c5ccc6c(c5)C(=O)N(*)C6=O)cc4C3=O)cc2)cc1,1.371
*c1ccc(Cc2ccc(N3C(=O)c4ccc(Oc5ccc(C(C)(C)c6ccc(Oc7ccc8c(c7)C(=O)N(*)C8=O)cc6)cc5)cc4C3=O)cc2)cc1,1.28
*c1ccc2c(c1)C(=O)N(c1ccc(Oc3ccc(C(C)(C)c4ccc(Oc5ccc(N6C(=O)c7ccc(C(*)(C(F)(F)F)C(F)(F)F)cc7C6=O)cc5)cc4)cc3)cc1)C2=O,1.3425
*c1ccc2c(c1)C(=O)N(c1ccc(Oc3ccc(S(=O)(=O)c4ccc(Oc5ccc(N6C(=O)c7ccc(C(*)(C(F)(F)F)C(F)(F)F)cc7C6=O)cc5)cc4)cc3)cc1)C2=O,1.461
*c1ccc2c(c1)C(=O)N(c1cccc(Oc3ccc(S(=O)(=O)c4ccc(Oc5cccc(N6C(=O)c7ccc(C(*)(C(F)(F)F)C(F)(F)F)cc7C6=O)c5)cc4)cc3)c1)C2=O,1.4255
*c1ccc(C(C)(C)c2ccc(N3C(=O)c4ccc(Oc5ccc6c(c5)C(=O)N(*)C6=O)cc4C3=O)cc2)cc1,1.275
*c1cccc(N2C(=O)c3ccc(Oc4ccc5c(c4)C4(CC(C)(C)c6ccc(Oc7ccc8c(c7)C(=O)N(*)C8=O)cc64)CC5(C)C)cc3C2=O)c1,1.22
*c1c(C)cc(-c2cc(C)c(N3C(=O)c4ccc(S(=O)(=O)c5ccc6c(c5)C(=O)N(*)C6=O)cc4C3=O)c(C)c2)cc1C,1.303
*C(=O)c1ccc2c(c1)C(=O)N(c1c(C)cc(-c3cc(C)c(N4C(=O)c5ccc(*)cc5C4=O)c(C)c3)cc1C)C2=O,1.272
*C(=O)c1ccc2c(c1)C(=O)N(c1ccc(Cl)c(N3C(=O)c4ccc(*)cc4C3=O)c1)C2=O,1.429
*C(=O)c1ccc2c(c1)C(=O)N(c1ccc(Cc3ccc(Cc4ccc(N5C(=O)c6ccc(*)cc6C5=O)cc4)cc3)cc1)C2=O,1.29
*c1ccc(C)c(N2C(=O)c3ccc(S(=O)(=O)c4ccc5c(c4)C(=O)N(*)C5=O)cc3C2=O)c1,1.337
*C(=O)Nc1ccc(C(c2ccc(NC(=O)c3ccc(N4C(=O)c5ccc(*)cc5C4=O)cc3C)cc2)(C(F)(F)F)C(F)(F)F)cc1,1.395
*c1ccc2c(c1)C(=O)N(c1cccc(C(=O)Nc3ccc(C(c4ccc(NC(=O)c5cccc(N6C(=O)c7ccc(C(*)(C(F)(F)F)C(F)(F)F)cc7C6=O)c5)cc4)(C(F)(F)F)C(F)(F)F)cc3)c1)C2=O,1.43
*c1ccc2c(c1)C(=O)N(c1cc(C(=O)Nc3ccc(C(c4ccc(NC(=O)c5ccc(C)c(N6C(=O)c7ccc(C(*)(C(F)(F)F)C(F)(F)F)cc7C6=O)c5)cc4)(C(F)(F)F)C(F)(F)F)cc3)ccc1C)C2=O,1.4
*c1ccc2c(c1)C(=O)N(c1cc(C(=O)Nc3c(C)cc(-c4cc(C)c(NC(=O)c5ccc(C)c(N6C(=O)c7ccc(C(*)(C(F)(F)F)C(F)(F)F)cc7C6=O)c5)c(C)c4)cc3C)ccc1C)C2=O,1.286
*c1ccc2c(c1)C(=O)N(c1cc(C(=O)Nc3cccc4c(NC(=O)c5ccc(C)c(N6C(=O)c7ccc(C(*)(C(F)(F)F)C(F)(F)F)cc7C6=O)c5)cccc34)ccc1C)C2=O,1.363
*c1ccc2c(c1)C(=O)N(c1cccc(C(=O)Nc3ccc(C(c4ccc(NC(=O)c5cccc(N6C(=O)c7ccc(C(*)(C(F)(F)F)C(F)(F)F)cc7C6=O)c5C)cc4)(C(F)(F)F)C(F)(F)F)cc3)c1C)C2=O,1.405
*C(=O)Nc1ccc(C(c2ccc(NC(=O)c3ccc4c(c3)C(=O)N(c3c(C)cc(C)c(N5C(=O)c6ccc(*)cc6C5=O)c3C)C4=O)cc2)(C(F)(F)F)C(F)(F)F)cc1,1.351
*C(=O)Nc1ccc(C(c2ccc(NC(=O)c3ccc4c(c3)C(=O)N(c3ccc(-c5ccc(N6C(=O)c7ccc(*)cc7C6=O)c(OC)c5)cc3OC)C4=O)cc2)(C(F)(F)F)C(F)(F)F)cc1,1.408
*C(=O)Nc1ccc(C(c2ccc(NC(=O)c3ccc4c(c3)C(=O)N(c3c(C)cc(-c5cc(C)c(N6C(=O)c7ccc(*)cc7C6=O)c(C)c5)cc3C)C4=O)cc2)(C(F)(F)F)C(F)(F)F)cc1,1.31
*C(=O)Nc1ccc(C(c2ccc(NC(=O)c3ccc4c(c3)C(=O)N(c3c(C)cc(-c5cc(C)c(N6C(=O)c7ccc(*)cc7C6=O)c6ccccc56)c5ccccc35)C4=O)cc2)(C(F)(F)F)C(F)(F)F)cc1,1.31
*C(=O)Nc1ccc(C(c2ccc(NC(=O)c3ccc4c(c3)C(=O)N(c3cccc5c(N6C(=O)c7ccc(*)cc7C6=O)cccc35)C4=O)cc2)(C(F)(F)F)C(F)(F)F)cc1,1.404
*C(=O)Nc1cc(C(c2cc(C)c(C)c(NC(=O)c3ccc4c(c3)C(=O)N(c3cccc5c(N6C(=O)c7ccc(*)cc7C6=O)cccc35)C4=O)c2)(C(F)(F)F)C(F)(F)F)cc(C)c1C,1.353
*c1ccc(Cc2ccc(N3C(=O)c4ccc(Oc5ccc(Oc6ccc7c(c6)C(=O)N(*)C7=O)cc5)cc4C3=O)c(C)c2C)c(C)c1C,1.266
*c1cc(C)c(Cc2cc(C)c(N3C(=O)c4ccc(Oc5ccc(Oc6ccc7c(c6)C(=O)N(*)C7=O)cc5)cc4C3=O)cc2C)cc1C,1.264
*c1ccc2c(c1)C(=O)N(c1ccc(S(=O)(=O)c3ccc(S(=O)(=O)c4ccc(N5C(=O)c6ccc(C(*)(C(F)(F)F)C(F)(F)F)cc6C5=O)cc4)cc3)cc1)C2=O,1.464
*c1ccc2c(c1)C(=O)N(c1ccc(S(=O)(=O)c3ccc(S(=O)(=O)c4ccc(S(=O)(=O)c5ccc(N6C(=O)c7ccc(C(*)(C(F)(F)F)C(F)(F)F)cc7C6=O)cc5)cc4)cc3)cc1)C2=O,1.4635
*c1ccc2c(c1)C(=O)N(c1ccc(Cc3ccc(N4C(=O)c5ccc(C(C)(C)CCCCC(*)(C)C)cc5C4=O)cc3)cc1)C2=O,1.2055
*c1ccc2c(c1)C(=O)N(c1ccc(Oc3ccc(N4C(=O)c5ccc(C(C)(C)CCCCCCCCC(*)(C)C)cc5C4=O)cc3)cc1)C2=O,1.076
*C(=O)OCCOC(=O)c1ccc(N2C(=O)c3ccc(*)cc3C2=O)cc1,1.38
*C(=O)OCCOC(=O)c1cccc(N2C(=O)c3ccc(*)cc3C2=O)c1,1.259
*C(=O)Nc1cccc(NC(=O)c2ccc(N3C(=O)c4ccc(*)cc4C3=O)cc2)c1,1.215
*c1ccc(Oc2ccc(C(c3ccc(Oc4ccc(-n5c(=O)c6cc7c(=O)n(*)c(=O)c7cc6c5=O)cc4C(F)(F)F)cc3)(C(F)(F)F)C(F)(F)F)cc2)c(C(F)(F)F)c1,1.474
*c1ccc(C(c2ccc(-n3c(=O)c4cc5c(=O)n(*)c(=O)c5cc4c3=O)cc2)(C(F)(F)F)C(F)(F)F)cc1,1.478
*c1ccc(Oc2ccc(C(c3ccc(Oc4ccc(N5C(=O)c6ccc(-c7ccc8c(c7)C(=O)N(*)C8=O)cc6C5=O)cc4C(F)(F)F)cc3)(C(F)(F)F)C(F)(F)F)cc2)c(C(F)(F)F)c1,1.443
*C(=O)c1ccc2c(c1)C(=O)N(c1ccc(Oc3ccc(C(c4ccc(Oc5ccc(N6C(=O)c7ccc(*)cc7C6=O)cc5C(F)(F)F)cc4)(C(F)(F)F)C(F)(F)F)cc3)c(C(F)(F)F)c1)C2=O,1.457
*c1ccc2c(c1)C(=O)N(c1cccc(C(C)(C)c3ccc(N4C(=O)c5ccc(C(*)(C(F)(F)F)C(F)(F)F)cc5C4=O)cc3)c1)C2=O,1.361
*c1ccc2c(c1)C(=O)N(c1ccc(Oc3ccc(C(c4ccc(Oc5ccc(N6C(=O)c7ccc(C(*)(C(F)(F)F)C(F)(F)F)cc7C6=O)cc5C(F)(F)F)cc4)(C(F)(F)F)C(F)(F)F)cc3)c(C(F)(F)F)c1)C2=O,1.484
*c1ccc2c(c1)C(=O)N(c1ccc(Sc3ccc(N4C(=O)c5ccc(C(*)(C(F)(F)F)C(F)(F)F)cc5C4=O)cc3)cc1)C2=O,1.4373
*c1ccc2c(c1)C(=O)N(c1ccc(Sc3ccc(Sc4ccc(N5C(=O)c6ccc(C(*)(C(F)(F)F)C(F)(F)F)cc6C5=O)cc4)cc3)cc1)C2=O,1.4179
*c1ccc2c(c1)C(=O)N(c1ccc(Sc3ccc(Sc4ccc(Sc5ccc(N6C(=O)c7ccc(C(*)(C(F)(F)F)C(F)(F)F)cc7C6=O)cc5)cc4)cc3)cc1)C2=O,1.398
*c1ccc2c(c1)C(=O)N(c1ccc(Sc3ccc(Sc4ccc(Sc5ccc(Sc6ccc(N7C(=O)c8ccc(C(*)(C(F)(F)F)C(F)(F)F)cc8C7=O)cc6)cc5)cc4)cc3)cc1)C2=O,1.3956
*c1ccc2c(c1)C(=O)N(c1ccc(OC(CCCCCC)COc3ccc(N4C(=O)c5ccc(C(*)(C(F)(F)F)C(F)(F)F)cc5C4=O)cc3)cc1)C2=O,1.3369
*c1ccc2c(c1)C(=O)N(c1ccc(OC(CCC)COc3ccc(N4C(=O)c5ccc(C(*)(C(F)(F)F)C(F)(F)F)cc5C4=O)cc3)cc1)C2=O,1.3695
*c1ccc2c(c1)C(=O)N(c1ccc(OC(C)COc3ccc(N4C(=O)c5ccc(C(*)(C(F)(F)F)C(F)(F)F)cc5C4=O)cc3)cc1)C2=O,1.4006
*c1ccc2c(c1)C(=O)N(c1ccc(N(C)CCN(C)c3ccc(N4C(=O)c5ccc(C(*)(C(F)(F)F)C(F)(F)F)cc5C4=O)cc3)cc1)C2=O,1.3802
*c1c(C)cc(C)c(N2C(=O)c3ccc(Oc4ccc(Oc5ccc6c(c5)C(=O)N(*)C6=O)cc4)cc3C2=O)c1C,1.267
*c1c(C)cc(C)c(N2C(=O)c3ccc(S(=O)(=O)c4ccc5c(c4)C(=O)N(*)C5=O)cc3C2=O)c1C,1.314
*c1c(C)cc(C)c(N2C(=O)c3ccc(Sc4ccc5c(c4)C(=O)N(*)C5=O)cc3C2=O)c1C,1.286
*c1c(C)cc(C)c(-n2c(=O)c3cc4c(=O)n(*)c(=O)c4cc3c2=O)c1C,1.3034
*c1cc(Br)c(-c2c(Br)cc(N3C(=O)c4ccc(-c5ccc6c(c5)C(=O)N(*)C6=O)cc4C3=O)cc2C(=O)OCCCCCCCCCCCCCCCCCC)c(C(=O)OCCCCCCCCCCCCCCCCCC)c1,1.145
*c1cc(Br)c(-c2c(Br)cc(N3C(=O)c4ccc(-c5ccc6c(c5)C(=O)N(*)C6=O)cc4C3=O)cc2C(=O)OCCCCCCCCCCCCCCCC)c(C(=O)OCCCCCCCCCCCCCCCC)c1,1.18
*c1cc(Br)c(-c2c(Br)cc(N3C(=O)c4ccc(-c5ccc6c(c5)C(=O)N(*)C6=O)cc4C3=O)cc2C(=O)OCCCCCCCCCCCCCC)c(C(=O)OCCCCCCCCCCCCCC)c1,1.212
*c1cc(Br)c(-c2c(Br)cc(N3C(=O)c4ccc(-c5ccc6c(c5)C(=O)N(*)C6=O)cc4C3=O)cc2C(=O)OCCCCCCCCCCCC)c(C(=O)OCCCCCCCCCCCC)c1,1.245
*c1cc(Br)c(-c2c(Br)cc(N3C(=O)c4ccc(-c5ccc6c(c5)C(=O)N(*)C6=O)cc4C3=O)cc2C(=O)OCCCCCCCCCC)c(C(=O)OCCCCCCCCCC)c1,1.2725
*c1cc(Br)c(-c2c(Br)cc(N3C(=O)c4ccc(-c5ccc6c(c5)C(=O)N(*)C6=O)cc4C3=O)cc2C(=O)OCCCCCCCC)c(C(=O)OCCCCCCCC)c1,1.275
*c1cc(Br)c(-c2c(Br)cc(N3C(=O)c4ccc(-c5ccc6c(c5)C(=O)N(*)C6=O)cc4C3=O)cc2C(=O)OCCCCCC)c(C(=O)OCCCCCC)c1,1.335
*c1cc(Br)c(-c2c(Br)cc(N3C(=O)c4ccc(-c5ccc6c(c5)C(=O)N(*)C6=O)cc4C3=O)cc2C(=O)OCCCC)c(C(=O)OCCCC)c1,1.387
*CC(c1ccccc1)C1C(=O)N(CCCCCCCC)C(=O)C1*,1.088
*CC(c1ccccc1)C1C(=O)N(CCCCCCCCCC)C(=O)C1*,1.071
*CC(c1ccccc1)C1C(=O)N(CCCCCCCCCCCC)C(=O)C1*,1.055
*CC(c1ccccc1)C1C(=O)N(CCCCCCCCCCCCCC)C(=O)C1*,1.043
*CC(c1ccccc1)C1C(=O)N(CCCCCCCCCCCCCCCC)C(=O)C1*,1.03
*CC(c1ccccc1)C1C(=O)N(CCCCCCCCCCCCCCCCCC)C(=O)C1*,1.016
*c1ccc(-c2ccc(-n3c(=O)c4cc5c(=O)n(*)c(=O)c5cc4c3=O)cc2OC)c(OC)c1,1.39
*c1ccc(-c2ccc(-n3c(=O)c4cc5c(=O)n(*)c(=O)c5cc4c3=O)cc2F)c(F)c1,1.51
*CC(=O)Nc1ccc(Oc2c(F)c(F)c(Oc3ccc(NC(=O)c4ccc5c(c4)C(=O)N(*)C5=O)cc3)c(F)c2F)cc1,1.4301
*CC(=O)Nc1ccc(C2(c3ccc(NC(=O)c4ccc5c(c4)C(=O)N(*)C5=O)cc3)c3ccccc3-c3ccccc32)cc1,1.2581
*CC(=O)Nc1ccc(C2(c3ccc(NC(=O)Cn4c(=O)c5cc6c(=O)n(*)c(=O)c6cc5c4=O)cc3)c3ccccc3-c3ccccc32)cc1,1.2864
*c1ccc2c(c1)C(=O)N(c1ccc(C(C)(C)c3ccc(C(C)(C)c4ccc(N5C(=O)c6ccc(C(*)(C(F)(F)F)C(F)(F)F)cc6C5=O)cc4)cc3)cc1)C2=O,1.301
*C(=O)Nc1ccc(N2C(=O)c3ccc(*)cc3C2=O)cc1,1.46
*C(=O)Nc1ccc(-c2ccc(N3C(=O)c4ccc(*)cc4C3=O)c(C)c2)cc1C,1.306
*C(=O)Nc1c(C)cc(-c2cc(C)c(N3C(=O)c4ccc(*)cc4C3=O)c(C)c2)cc1C,1.241
*c1ccc(C(c2ccc(N3C(=O)c4cc5c(cc4C3=O)C(C(F)(F)F)(C(F)(F)F)c3cc4c(cc3O5)C(=O)N(*)C4=O)cc2)(C(F)(F)F)C(F)(F)F)cc1,1.49
*c1ccc2c(c1)C(=O)N(c1cc(C(c3ccc(O)c(N4C(=O)c5ccc(C(*)(C(F)(F)F)C(F)(F)F)cc5C4=O)c3)(C(F)(F)F)C(F)(F)F)ccc1O)C2=O,1.55
*c1ccc(Oc2c(C)cc(Cc3cc(C)c(Oc4ccc(-n5c(=O)c6cc7c(=O)n(*)c(=O)c7cc6c5=O)cc4)c(C)c3)cc2C)cc1,1.3503
*c1ccc(Oc2c(C)cc(Cc3cc(C)c(Oc4ccc(N5C(=O)c6ccc(-c7ccc8c(c7)C(=O)N(*)C8=O)cc6C5=O)cc4)c(C)c3)cc2C)cc1,1.3138
*C(=O)c1ccc2c(c1)C(=O)N(c1ccc(Oc3c(C)cc(Cc4cc(C)c(Oc5ccc(N6C(=O)c7ccc(*)cc7C6=O)cc5)c(C)c4)cc3C)cc1)C2=O,1.2957
*c1ccc2c(c1)C(=O)N(c1ccc(Oc3c(C)cc(Cc4cc(C)c(Oc5ccc(N6C(=O)c7ccc(C(*)(C(F)(F)F)C(F)(F)F)cc7C6=O)cc5)c(C)c4)cc3C)cc1)C2=O,1.2859
*c1c(C)cc(C(c2cc(C)c(-n3c(=O)c4cc5c(=O)n(*)c(=O)c5cc4c3=O)c(C)c2)c2cccc3ccccc23)cc1C,1.2697
*c1c(C)cc(C(c2cc(C)c(N3C(=O)c4ccc(-c5ccc6c(c5)C(=O)N(*)C6=O)cc4C3=O)c(C)c2)c2cccc3ccccc23)cc1C,1.2599
*C(=O)c1ccc2c(c1)C(=O)N(c1c(C)cc(C(c3cc(C)c(N4C(=O)c5ccc(*)cc5C4=O)c(C)c3)c3cccc4ccccc34)cc1C)C2=O,1.2381
*c1ccc2c(c1)C(=O)N(c1c(C)cc(C(c3cc(C)c(N4C(=O)c5ccc(C(*)(C(F)(F)F)C(F)(F)F)cc5C4=O)c(C)c3)c3cccc4ccccc34)cc1C)C2=O,1.2478
*c1ccc(Oc2c(C)cc(C(c3cc(C)c(Oc4ccc(-n5c(=O)c6cc7c(=O)n(*)c(=O)c7cc6c5=O)cc4)c(C)c3)c3cccc4ccccc34)cc2C)cc1,1.2684
*c1ccc(Oc2c(C)cc(C(c3cc(C)c(Oc4ccc(N5C(=O)c6ccc(-c7ccc8c(c7)C(=O)N(*)C8=O)cc6C5=O)cc4)c(C)c3)c3cccc4ccccc34)cc2C)cc1,1.243
*C(=O)c1ccc2c(c1)C(=O)N(c1ccc(Oc3c(C)cc(C(c4cc(C)c(Oc5ccc(N6C(=O)c7ccc(*)cc7C6=O)cc5)c(C)c4)c4cccc5ccccc45)cc3C)cc1)C2=O,1.2382
*c1ccc(Oc2ccc(N3C(=O)CC4C(CC5C(=O)N(*)C(=O)C54)C3=O)cc2)cc1,1.357
*/C=C/C1CC(*)C2C(=O)N(CCCC)C(=O)C12,1.15
*/C=C/C1CC(*)C2C(=O)N(CCCCC)C(=O)C12,1.125
*/C=C/C1CC(*)C2C(=O)N(CCCCCC)C(=O)C12,1.1
*C(=O)c1ccc2c(c1)C(=O)N(c1cc(C(c3ccc(O)c(N4C(=O)c5ccc(*)cc5C4=O)c3)(C(F)(F)F)C(F)(F)F)ccc1O)C2=O,1.49
*c1ccc2c(c1)C(=O)N(c1cc(-c3ccc(O)c(N4C(=O)c5ccc(C(*)(C(F)(F)F)C(F)(F)F)cc5C4=O)c3)ccc1O)C2=O,1.438
*C(=O)c1ccc2c(c1)C(=O)N(c1ccc(-c3ccc(N4C(=O)c5ccc(*)cc5C4=O)cc3C)c(C)c1)C2=O,1.285
*C(=O)c1ccc2c(c1)C(=O)N(c1c(C)c(N3C(=O)c4ccc(*)cc4C3=O)c(C)c3c1C(C)(C)CC3)C2=O,1.2251
*c1c(C)c(N2C(=O)c3ccc(Oc4ccc5c(c4)C(=O)N(*)C5=O)cc3C2=O)c(C)c2c1C(C)(C)CC2,1.2183
*c1c(C)c(N2C(=O)c3ccc(-c4ccc5c(c4)C(=O)N(*)C5=O)cc3C2=O)c(C)c2c1C(C)(C)CC2,1.1902
*c1ccc2c(c1)C(=O)N(c1c(C)c3c(c(N4C(=O)c5ccc(C(*)(C(F)(F)F)C(F)(F)F)cc5C4=O)c1C)C(C)(C)CC3)C2=O,1.3263
*c1ccc(Oc2ccc(C(c3ccc(Oc4ccc(N5C(=O)c6ccc(Oc7ccc(C(c8ccc(Oc9ccc%10c(c9)C(=O)N(*)C%10=O)cc8)(C(F)(F)F)C(F)(F)F)cc7)cc6C5=O)cc4)cc3)(C(F)(F)F)C(F)(F)F)cc2)cc1,1.4
*c1cc(N2C(=O)c3ccc(Oc4ccc(C(c5ccc(Oc6ccc7c(c6)C(=O)N(*)C7=O)cc5)(C(F)(F)F)C(F)(F)F)cc4)cc3C2=O)cc(C(F)(F)F)c1,1.44
*C(=O)c1ccc2c(c1)C(=O)N(c1ccc(C(C)(C)c3ccc(C(C)(C)c4ccc(N5C(=O)c6ccc(*)cc6C5=O)cc4)cc3)cc1)C2=O,1.27
*C(=O)c1ccc2c(c1)C(=O)N(c1ccc(C(C)(C)c3cccc(C(C)(C)c4ccc(N5C(=O)c6ccc(*)cc6C5=O)cc4)c3)cc1)C2=O,1.28
*c1ccc(Oc2ccc(C(c3ccc(Oc4ccc(-n5c(=O)c6ccc7c(=O)n(*)c(=O)c8ccc(c5=O)c6c78)cc4)cc3)(C(F)(F)F)C(F)(F)F)cc2)cc1,1.407
*c1ccc(Oc2ccc(C(c3ccc(Oc4ccc(-n5c(=O)c6ccc7c(=O)n(*)c(=O)c8ccc(c5=O)c6c78)cc4)c(S(=O)(=O)O)c3)(C(F)(F)F)C(F)(F)F)cc2S(=O)(=O)O)cc1,1.4325
*c1ccc(N2C(=O)c3ccc(Oc4ccc(C(C)(C)c5cccc(Oc6ccc7c(c6)C(=O)N(*)C7=O)c5)cc4)cc3C2=O)cc1,1.282
*c1ccc(Oc2ccc(-c3ccc(Oc4ccc(N5C(=O)c6cccc(Oc7ccc(C(C)(C)c8ccc(Oc9cccc%10c9C(=O)N(*)C%10=O)cc8)cc7)c6C5=O)cc4)cc3)cc2)cc1,1.248
*c1ccc(Oc2ccc(-c3ccc(Oc4ccc(N5C(=O)c6cccc(Oc7c(C)cc(Cc8cc(C)c(Oc9cccc%10c9C(=O)N(*)C%10=O)c(C)c8)cc7C)c6C5=O)cc4)cc3)cc2)cc1,1.226
*c1ccc(Oc2ccc(-c3ccc(Oc4ccc(N5C(=O)c6cccc(Oc7cc(C(C)(C)C)c(Oc8cccc9c8C(=O)N(*)C9=O)cc7C(C)(C)C)c6C5=O)cc4)cc3)cc2)cc1,1.182
*c1ccc(Oc2ccc(-c3ccc(Oc4ccc(N5C(=O)c6cccc(Oc7ccc(C(c8ccc(Oc9cccc%10c9C(=O)N(*)C%10=O)cc8)(C(F)(F)F)C(F)(F)F)cc7)c6C5=O)cc4)cc3)cc2)cc1,1.348
*c1c(C)cc(Cc2cc(C)c(N3C(=O)c4ccc(Oc5ccc(C(C)(C)c6ccc(Oc7ccc8c(c7)C(=O)N(*)C8=O)cc6)cc5)cc4C3=O)c(C)c2)cc1C,1.19
*c1ccc(Oc2ccc(-c3ccc(Oc4ccc(N5C(=O)c6ccc(Oc7ccc(C(C)(C)c8ccc(Oc9ccc%10c(c9)C(=O)N(*)C%10=O)cc8)cc7)cc6C5=O)cc4)cc3)cc2)cc1,1.242
*c1c(C)cc(Cc2cc(C)c(N3C(=O)c4ccc(Oc5c(C)cc(Cc6cc(C)c(Oc7ccc8c(c7)C(=O)N(*)C8=O)c(C)c6)cc5C)cc4C3=O)c(C)c2)cc1C,1.153
*c1c(C)cc(Cc2cc(C)c(N3C(=O)c4ccc(Oc5c(C)cc(-c6cc(C)c(Oc7ccc8c(c7)C(=O)N(*)C8=O)c(C)c6)cc5C)cc4C3=O)c(C)c2)cc1C,1.16
*c1ccc(Oc2ccc(-c3ccc(Oc4ccc(N5C(=O)c6ccc(Oc7cc(C(C)(C)C)c(Oc8ccc9c(c8)C(=O)N(*)C9=O)cc7C(C)(C)C)cc6C5=O)cc4)cc3)cc2)cc1,1.18
*c1ccc(Oc2ccc(-c3ccc(Oc4ccc(N5C(=O)c6ccc(Oc7ccc(C(c8ccc(Oc9ccc%10c(c9)C(=O)N(*)C%10=O)cc8)(C(F)(F)F)C(F)(F)F)cc7)cc6C5=O)cc4)cc3)cc2)cc1,1.355
*c1cc(C(c2ccc(O)c(N3C(=O)c4ccc(Oc5ccc6c(c5)C(=O)N(*)C6=O)cc4C3=O)c2)(C(F)(F)F)C(F)(F)F)ccc1O,1.5
*c1ccc(Oc2ccc(C(C)(C)c3ccc(Oc4ccc(N5C(=O)c6ccc(Oc7ccc(C(C)(C)c8ccc(Oc9ccc%10c(c9)C(=O)N(*)C%10=O)cc8)cc7)cc6C5=O)cc4)cc3)cc2)cc1,1.267
*c1ccc(S(=O)(=O)c2ccc(N3C(=O)c4ccc(Oc5ccc(C(C)(C)c6ccc(Oc7ccc8c(c7)C(=O)N(*)C8=O)cc6)cc5)cc4C3=O)cc2)cc1,1.357
*C1C(=O)N(Nc2ccccc2)C(=O)C1*,0.8102
*c1cc(C(c2ccc(O)c(N3C(=O)c4ccc(-c5ccc6c(c5)C(=O)N(*)C6=O)cc4C3=O)c2)(C(F)(F)F)C(F)(F)F)ccc1O,1.47
*c1ccc(-c2ccc(Oc3ccc(C4(C)CC(C)(C)c5ccc(Oc6ccc(-c7ccc(-n8c(=O)c9cc%10c(=O)n(*)c(=O)c%10cc9c8=O)cc7)cc6C(F)(F)F)cc54)cc3)c(C(F)(F)F)c2)cc1,1.27
*C(=O)c1ccc2c(c1)C(=O)N(c1ccc(-c3ccc(Oc4ccc(C5(C)CC(C)(C)c6ccc(Oc7ccc(-c8ccc(N9C(=O)c%10ccc(*)cc%10C9=O)cc8)cc7C(F)(F)F)cc65)cc4)c(C(F)(F)F)c3)cc1)C2=O,1.15
*c1ccc2c(c1)C(=O)N(c1ccc(-c3ccc(Oc4ccc5c(c4)C(C)(c4ccc(Oc6ccc(-c7ccc(N8C(=O)c9ccc(C(*)(C(F)(F)F)C(F)(F)F)cc9C8=O)cc7)cc6C(F)(F)F)cc4)CC5(C)C)c(C(F)(F)F)c3)cc1)C2=O,1.17
*c1ccc(-c2ccc(Oc3ccc(C4(C)CC(C)(C)c5ccc(Oc6ccc(-c7ccc(N8C(=O)c9ccc(Oc%10ccc%11c(c%10)C(=O)N(*)C%11=O)cc9C8=O)cc7)cc6C(F)(F)F)cc54)cc3)c(C(F)(F)F)c2)cc1,1.14
*c1ccc(-c2ccc(Oc3ccc(C4(C)CC(C)(C)c5ccc(Oc6ccc(-c7ccc(N8C(=O)c9ccc(Oc%10ccc(C(C)(C)c%11ccc(Oc%12ccc%13c(c%12)C(=O)N(*)C%13=O)cc%11)cc%10)cc9C8=O)cc7)cc6C(F)(F)F)cc54)cc3)c(C(F)(F)F)c2)cc1,1.12
*c1ccc(-c2ccc(N3C(=O)c4ccc(-c5cccc6c5C(=O)N(*)C6=O)cc4C3=O)cc2C(F)(F)F)c(C(F)(F)F)c1,1.511
*C(=O)Nc1ccc(C2(c3ccc(NC(=O)c4ccc5c(c4)C(=O)N(c4ccc(Sc6ccc(Oc7ccc(Sc8ccc(N9C(=O)c%10ccc(*)cc%10C9=O)cc8)cc7)cc6)cc4)C5=O)cc3)c3ccccc3-c3ccccc32)cc1,1.239
*c1ccc(Sc2ccc(Oc3ccc(Sc4ccc(N5C(=O)c6ccc(Oc7ccc(C(C)(C)c8ccc(Oc9ccc%10c(c9)C(=O)N(*)C%10=O)cc8)cc7)cc6C5=O)cc4)cc3)cc2)cc1,1.21
*c1ccc2c(c1)C(=O)N(c1ccc(Sc3ccc(Oc4ccc(Sc5ccc(N6C(=O)c7ccc(C(*)(C(F)(F)F)C(F)(F)F)cc7C6=O)cc5)cc4)cc3)cc1)C2=O,1.375
*c1ccc2c(c1)C(=O)N(c1cc(C(c3ccc(OC(C)=O)c(N4C(=O)c5ccc(C(*)(C(F)(F)F)C(F)(F)F)cc5C4=O)c3)(C(F)(F)F)C(F)(F)F)ccc1OC(C)=O)C2=O,1.435
*CC(c1ccccc1)C1C(=O)OC(=O)C1*,1.286
*Oc1c(Cl)cc(C2(c3cc(Cl)c(OC(*)=O)c(Cl)c3)CC3CCC2C3)cc1Cl,1.37
*Oc1ccc(C2(c3ccc(OC(*)=O)cc3)CC3CC2C2CCCC32)cc1,1.2
*OC(C)COC(*)=O,1.26
*Oc1ccc(C2(c3ccc(OC(*)=O)cc3)CC(C)CC(C)(C)C2)cc1,1.107
*Oc1c(C)cc(C(c2cc(C)c(OC(*)=O)c(C)c2)(C(F)(F)F)C(F)(F)F)cc1C,1.286
*Oc1ccc2c(c1)C1(CC2(C)C)CC(C)(C)c2ccc(OC(*)=O)cc21,1.2565
*Oc1ccc(C(C)(C)c2ccc(OC(*)=O)c(CC)c2)cc1CC,1.128
*Oc1ccc(C(C)(CCC#N)c2ccc(OC(*)=O)cc2)cc1,1.238
*Oc1ccc(C(C)(CCC#N)c2ccc(OC(*)=O)c(C)c2)cc1C,1.192
*Oc1ccc(C(CCC)(CCC)c2ccc(OC(*)=O)c(C)c2)cc1C,1.093
*Oc1ccc(C(CCCC)(CCCC)c2ccc(OC(*)=O)cc2)cc1,1.098
*Oc1ccc(C2(c3ccc(OC(*)=O)cc3)CCCCCC2)cc1,1.203
*CCCCCCCCCSC(=O)S*,1.17
*CCCCCCCCCCCCSC(=O)S*,1.109
*Sc1ccc(Cc2ccc(SC(*)=O)cc2)cc1,1.238
*Oc1ccc(C(C)(C)c2ccc(OC(=O)SCCCSC(*)=O)cc2)cc1,1.255
*Oc1ccc(C(C)(C)c2ccc(OC(=O)SCCCCCCSC(*)=O)cc2)cc1,1.203
*Oc1ccc(C(C)(C)c2ccc(OC(=O)Sc3ccc(C(C)(C)c4ccc(SC(*)=O)cc4)cc3)cc2)cc1,1.194
*N=P(*)(OCC(F)(F)C(F)(F)C(F)(F)F)OCC(F)(F)C(F)(F)C(F)(F)F,1.7
*N=P(*)(OCC(F)(F)C(F)F)OCC(F)(F)C(F)F,1.87
*c1cnc(C2C(c3ccccc3)C(*)C2c2ccccc2)cn1,1.257
*CCCCCCCCc1nnc(*)n1N,1.12
*N=P(*)(Oc1cccc(Cl)c1)Oc1cccc(Cl)c1,1.604
*N=P(*)(Oc1ccc(CC)cc1)Oc1ccc(CC)cc1,1.21
*c1ccc(*)[nH]1,0.93
*c1ccc(*)n1C,1.46
*Nc1ccc(*)cc1,1.242
*Nc1ccc(*)cc1C,1.32
*Nc1ccc(*)cc1Cl,1.6
*c1ccc(Cc2ccc(N(*)Cc3ccccc3)cc2)cc1,0.82
*Nc1ccc(*)cc1OC,1.192
*N=P(*)(Oc1ccc(C(C)(C)C)cc1)Oc1ccc(C(C)(C)C)cc1,1.1475
*N=P(*)(Oc1ccc(Br)cc1)Oc1ccc(Br)cc1,1.825
*N=P(*)(OCCOc1ccc(/N=N/c2ccc(CCCC)cc2)cc1)OCCOc1ccc(/N=N/c2ccc(CCCC)cc2)cc1,1.3
*N=P(*)(c1ccccc1)c1ccccc1,1.292
*N=P(*)(Oc1ccc(OC)cc1)Oc1ccc(OC)cc1,1.36
*N=P(*)(Oc1cccc(F)c1)Oc1cccc(F)c1,1.41
*N=P(*)(Oc1cccc(Br)c1)Oc1cccc(Br)c1,2.05
*N=P(*)(C)c1ccccc1,1.2091
*N=P(*)(CC)c1ccccc1,1.1642
*c1cccc(-c2nc3cc(-c4ccc5[nH]c(*)nc5c4)ccc3[nH]2)c1,1.37
*N=P(*)(NCCC)NCCC,1.11
*c1cc(C)c(*)[nH]1,1.36
*c1[nH]c(*)c(OC)c1OC,1.373
*N=P(*)(Oc1ccc(C(=O)OC)cc1)Oc1ccc(C(=O)OC)cc1,1.32
*N=P(*)(C)CCCC,0.9497
*N=P(*)(C)CCCCCC,0.9074
*B1NBN(*)BN1,1.56
*CCCCCCCCCC[N+](*)(C)C,1.733
*c1[nH]c2ccccc2c1*,0.94
*c1ccc(C(c2ccc(-c3nc4cc(-c5ccc6nc(*)[nH]c6c5)ccc4[nH]3)cc2)(C(F)(F)F)C(F)(F)F)cc1,1.41
*[Si](*)(CCCCC)CCCCC,0.96
*O[Si](*)(C)CCCOc1ccc(OC(=O)c2ccc(OC)cc2)cc1,1.16
*O[Si](*)(C)CCCCOc1ccc(OC(=O)c2ccc(OC)cc2)cc1,1.137
*O[Si](*)(C)CCCCCOc1ccc(OC(=O)c2ccc(OC)cc2)cc1,1.118
*O[Si](*)(C)CCCCCCOc1ccc(OC(=O)c2ccc(OC)cc2)cc1,1.105
*O[Si](*)(C)CCCCCCCCCCOc1ccc(OC(=O)c2ccc(OC)cc2)cc1,1.047
*O[Si](*)(C)CCCCCOc1ccc(OC(=O)c2ccc(OCC)cc2)cc1,1.106
*O[Si](*)(C)CCCCCOc1ccc(OC(=O)c2ccc(OCCCC)cc2)cc1,1.084
*O[Si](*)(C)CCCCCOc1ccc(OC(=O)c2ccc(OCCCCCC)cc2)cc1,1.062
*O[Si](*)(C)CCCCCOc1ccc(OC(=O)c2ccc(OCCCCCCCC)cc2)cc1,1.039
*O[Si](C)(C)CC[Si](*)(C)C,0.89
*O[Si](C)(C)CCCCCC[Si](*)(C)C,0.892
*O[Si](C)(C)CCCCCCCC[Si](*)(C)C,0.889
*O[Si](C)(C)c1cccc([Si](*)(C)C)c1,1.025
*O[Si](*)(C)C=C,1.006
*[Si](*)(CCCCCCC)CCCCCCC,0.9275
*[Si](*)(CCCCCCCCCCCCCC)CCCCCCCCCCCCCC,0.9675
*C#Cc1cccc(C#C[SiH](*)c2ccccc2)c1,1.495
*[Si](*)(C)c1ccccc1,1.18
*[Si](*)(CC)c1ccccc1,1.13
*O[Si](*)(C)CCCCCCCCCCC(=O)Oc1ccc(OC(=O)c2ccc(OCCCC)cc2)cc1,0.97565
*[Si](*)(CCCCCC)c1ccccc1,1.05
*O[Si](*)(C)CCCOc1ccc(C(=O)OC2CCC3(C)C(=CCC4C3CCC3(C)C(C(C)CCCC(C)C)CCC43)C2)cc1,1.24
*CC(=O)C(*)c1ccccc1,1.27
*CC(=O)C(*)c1ccc(F)cc1,1.388
*CC(=O)C(*)c1cccc(C)c1,1.182
*CC(=O)C(*)c1ccc(C)cc1,1.163
*c1cccc(S(=O)(=O)NCCCCCCNS(*)(=O)=O)c1,1.4
*OS(=O)(=O)c1cc(S(=O)(=O)Oc2ccc(C3(c4ccc(*)cc4)CCCC3)cc2)ccc1C,1.3539
*c1c(C)cc(C(C)(C)c2cc(C)c(S(*)(=O)=O)c(C)c2)cc1C,1.149
*c1ccc(S(=O)(=O)c2ccc(S(*)(=O)=O)c(S(=O)(=O)O)c2)cc1S(=O)(=O)O,1.75
*/C=C/c1ccc(*)cc1,1.2615
*c1cc(CCCCCCCCCCCC)c(*)cc1CCCCCCCCCCCC,0.8224
*/C=C/c1cc(OCC(CC)CCCC)c(*)cc1OC,0.66
*c1ccc(-c2ccc(C(*)(C(F)(F)F)C(F)(F)F)cc2)cc1,1.24
*C#Cc1cc(C#Cc2cc(N)c(*)cc2[N+](=O)[O-])c(OCCOCCOC)cc1OCCOCCOC,1.123
*C#Cc1cc(OCCOCCOC)c(C#Cc2ccc(*)c([N+](=O)[O-])c2)cc1OCCOCCOC,1.138
*/C=C/c1cc(CCCCCCCC)c(/C=C/c2ccc(*)cc2)cc1CCCCCCCC,0.95
*/C=C/c1cc(CCCCCCCCC)c(/C=C/c2ccc(*)cc2)cc1CCCCCCCCC,0.99
*C#Cc1cc(OCC(CC)CCCC)c(C#Cc2cc(OCCO)c(*)cc2OCCO)cc1OCC(CC)CCCC,1.06
*C#Cc1cc(OCC(CC)CCCC)c(C#Cc2cc(OCCN(CC)CC)c(*)cc2OCCN(CC)CC)cc1OCC(CC)CCCC,1.04
*C[Se]*,2.9775
*CC(*)(F)C(=O)OCC(F)(F)F,1.5868
*CC(*)(F)C(=O)OCC(F)(F)C(F)(F)F,1.654
*CC(*)(F)C(=O)OCC(F)(F)C(F)F,1.6447
*CC(*)(F)C(=O)OCC(F)(F)C(F)(F)C(F)(F)C(F)F,1.7588
*CC(*)(F)C(=O)OCCC(F)(F)C(F)(F)C(F)(F)C(F)(F)C(F)(F)C(F)(F)C(F)(F)C(F)(F)F,1.8192
*[Ge](*)(CCCCCC)CCCCCC,1.143
